GCF_000025685.1	HVO_RS18075	WP_004043014.1	NC_013967.1	2607273	2609928
GCF_000025685.1	HVO_RS18370	WP_004044647.1	NC_013967.1	2658679	2662204
GCF_000025685.1	HVO_RS06695	WP_004044509.1	NC_013967.1	369240	371091
GCF_001767315.1	HTSR_RS08445	WP_070365554.1	NZ_CP016070.1	1643468	1646339
GCF_000816105.1	X802_RS06905	WP_062372138.1	NZ_CP007140.1	1265138	1267118
GCF_000816105.1	X802_RS06060	WP_062371886.1	NZ_CP007140.1	1113016	1114060
GCF_000008645.1	MTH_RS02260	WP_010876126.1	NC_000916.1	425084	428558
GCF_000008645.1	MTH_RS02195	WP_010876111.1	NC_000916.1	411693	414444
GCF_000008645.1	MTH_RS09350	WP_010876190.1	NC_000916.1	496697	499259
GCF_900095295.1	MCBB_RS01320	WP_071905919.1	NZ_LT607756.1	282692	284471
GCF_900095295.1	MCBB_RS11860	WP_084789766.1	NZ_LT607756.1	907499	910070
GCF_900095295.1	MCBB_RS03015	WP_071906380.1	NZ_LT607756.1	618187	623431
GCF_900095295.1	MCBB_RS12275	WP_231916403.1	NZ_LT607756.1	861063	861888
GCF_000011205.1	STK_RS10680	WP_010979991.1	NC_003106.2	1930978	1932664
GCF_000011205.1	STK_RS06565	WP_010979208.1	NC_003106.2	1190148	1191576
GCF_000011205.1	STK_RS10775	WP_010980011.1	NC_003106.2	1947122	1948187
GCF_000011205.1	STK_RS06345	WP_010979161.1	NC_003106.2	1141085	1142315
GCF_001989615.1	BV210_RS10650	WP_077206647.1	NZ_CP019067.1	2102975	2104817
GCF_000812185.1	T478_RS04990	WP_048105615.1	NZ_CP007026.1	830982	833064
GCF_000812185.1	T478_RS05355	WP_048105760.1	NZ_CP007026.1	895518	897603
GCF_000016525.1	MSM_RS07145	WP_011954501.1	NC_009515.1	1446810	1448796
GCF_000016525.1	MSM_RS08850	WP_011954769.1	NC_009515.1	1830799	1832632
GCF_000016525.1	MSM_RS00275	WP_011953653.1	NC_009515.1	54270	58788
GCF_000016525.1	MSM_RS00550	WP_011953690.1	NC_009515.1	107565	110025
GCF_000016525.1	MSM_RS03650	WP_011954072.1	NC_009515.1	701288	705755
GCF_000016525.1	MSM_RS08475	WP_011954704.1	NC_009515.1	1734050	1740728
GCF_000017165.1	MEVAN_RS00440	WP_011971903.1	NC_009634.1	86005	89056
GCF_000017165.1	MEVAN_RS08755	WP_011971905.1	NC_009634.1	89362	94231
GCF_000591055.1	NMLP_RS09100	WP_015409823.1	NC_020388.1	1872072	1875534
GCF_000591055.1	NMLP_RS03870	WP_015408821.1	NC_020388.1	770784	772629
GCF_000591055.1	NMLP_RS08900	WP_015409786.1	NC_020388.1	1836196	1838848
GCF_001886955.1	HSR6_RS06330	WP_071933142.1	NZ_CP016804.1	1211460	1214958
GCF_001886955.1	HSR6_RS08980	WP_071933407.1	NZ_CP016804.1	1745867	1748738
GCF_001886955.1	HSR6_RS06240	WP_071933126.1	NZ_CP016804.1	1189459	1191034
GCF_001266715.1	MsedD_RS05725	WP_012021081.1	NZ_CP012175.1	1063205	1064282
GCF_001266715.1	MsedD_RS05565	WP_012021053.1	NZ_CP012175.1	1029607	1030843
GCF_000015825.1	MEMAR_RS07330	WP_011844338.1	NC_009051.1	1496201	1499444
GCF_000015825.1	MEMAR_RS08445	WP_011844558.1	NC_009051.1	1720351	1724131
GCF_000015825.1	MEMAR_RS07265	WP_011844322.1	NC_009051.1	1482182	1484918
GCF_000470655.1	HTIA_RS00270	WP_008525223.1	NC_021921.1	51888	53970
GCF_000470655.1	HTIA_RS07890	WP_008528640.1	NC_021921.1	1596917	1598759
GCF_000470655.1	HTIA_RS14515	WP_008524955.1	NC_021913.1	145168	148048
GCF_000470655.1	HTIA_RS15995	WP_020931435.1	NC_021913.1	18890	23504
GCF_000470655.1	HTIA_RS14615	WP_020931497.1	NC_021913.1	175919	178217
GCF_000470655.1	HTIA_RS08755	WP_008524501.1	NC_021921.1	1785893	1789529
GCF_000470655.1	HTIA_RS15280	WP_020931556.1	NC_021913.1	298313	301196
GCF_000470655.1	HTIA_RS08915	WP_008524552.1	NC_021921.1	1821017	1822913
GCF_000739065.1	JH146_RS08490	WP_052352077.1	NZ_CP009149.1	988396	992389
GCF_000739065.1	JH146_RS04475	WP_048201875.1	NZ_CP009149.1	873761	875825
GCF_000739065.1	JH146_RS00650	WP_052352064.1	NZ_CP009149.1	120109	122359
GCF_000306765.2	HFX_RS01855	WP_004058084.1	NC_017941.2	360358	362209
GCF_000306765.2	HFX_RS09655	WP_004060255.1	NC_017941.2	1887149	1889804
GCF_000069025.1	OE_RS12975	WP_012289692.1	NC_010368.1	203711	207347
GCF_000069025.1	OE_RS10230	WP_010903960.1	NC_010364.1	1948843	1950673
GCF_000069025.1	OE_RS05850	WP_012289343.1	NC_010364.1	1106792	1109429
GCF_001006045.1	GAH_RS01180	WP_052747710.1	NZ_CP011267.1	202753	203746
GCF_001027005.1	MCM1_RS04965	WP_048176264.1	NZ_CP008746.1	1250500	1256167
GCF_001027005.1	MCM1_RS10300	WP_048176782.1	NZ_CP008746.1	2566068	2566797
GCF_000026045.1	NP_RS02335	WP_011322192.1	NC_007426.1	462177	464019
GCF_000026045.1	NP_RS09560	WP_011323642.1	NC_007426.1	1862932	1865815
GCF_000026045.1	NP_RS09550	WP_011323640.1	NC_007426.1	1859557	1862644
GCF_000026045.1	NP_RS07275	WP_011323187.1	NC_007426.1	1414861	1417513
GCF_000008665.1	AF_RS05100	WP_244372814.1	NC_000917.1	909230	910040
GCF_000017185.1	MAEO_RS01155	WP_011972954.1	NC_009635.1	251708	253964
GCF_000970325.1	MCMEM_RS06910	WP_231622051.1	NZ_CP009518.1	1391193	1394250
GCF_000970325.1	MCMEM_RS10265	WP_048206014.1	NZ_CP009518.1	2092685	2094014
GCF_000970325.1	MCMEM_RS11300	WP_048206183.1	NZ_CP009518.1	2310003	2311359
GCF_000969885.1	MSTHT_RS01530	WP_048166269.1	NZ_CP009501.1	335398	340759
GCF_002906575.1	C2R22_RS22285	WP_103427978.1	NZ_CP026311.1	35289	38151
GCF_002906575.1	C2R22_RS24080	WP_103428290.1	NZ_CP026313.1	48545	53021
GCF_002906575.1	C2R22_RS21850	WP_103427899.1	NZ_CP026310.1	185126	187976
GCF_002906575.1	C2R22_RS12565	WP_103426060.1	NZ_CP026309.1	2553146	2555819
GCF_002355635.1	CPZ00_RS07790	WP_096390380.1	NZ_AP017558.1	1618402	1620253
GCF_002355635.1	CPZ00_RS13865	WP_096391416.1	NZ_AP017558.1	2856464	2859353
GCF_002355635.1	CPZ00_RS05725	WP_096390026.1	NZ_AP017558.1	1188459	1192101
GCF_002355635.1	CPZ00_RS01545	WP_096389053.1	NZ_AP017558.1	337171	339898
GCF_000191585.1	METBO_RS07750	WP_227717209.1	NC_015216.1	1586721	1589067
GCF_000191585.1	METBO_RS08155	WP_013645219.1	NC_015216.1	1689427	1692229
GCF_000191585.1	METBO_RS10065	WP_013645608.1	NC_015216.1	2077640	2082800
GCF_000024625.1	METVU_RS08355	WP_015733754.1	NC_013407.1	1685109	1686606
GCF_000024625.1	METVU_RS03420	WP_015732775.1	NC_013407.1	657933	659337
GCF_000024625.1	METVU_RS03175	WP_015732730.1	NC_013407.1	606900	609267
GCF_000145295.1	MTBMA_RS04305	WP_013295699.1	NC_014408.1	806719	811510
GCF_000145295.1	MTBMA_RS04410	WP_013295720.1	NC_014408.1	833108	835865
GCF_000145295.1	MTBMA_RS04240	WP_013295684.1	NC_014408.1	793454	796205
GCF_000025325.1	HTUR_RS16085	WP_012944387.1	NC_013743.1	3358697	3360572
GCF_000025325.1	HTUR_RS15795	WP_012944330.1	NC_013743.1	3297609	3301482
GCF_002214605.1	A3L04_RS07165	WP_068578292.1	NZ_CP015193.1	1269897	1270086
GCF_002214605.1	A3L04_RS01095	WP_231963808.1	NZ_CP015193.1	179580	183540
GCF_002844335.1	BVU17_RS07670	WP_101351438.1	NZ_CP019154.1	1483984	1486672
GCF_002844335.1	BVU17_RS13280	WP_101351078.1	NZ_CP019154.1	2615398	2617240
GCF_000223395.1	PYRFU_RS09845	WP_014026170.1	NC_015931.1	571325	572660
GCF_000223395.1	PYRFU_RS06020	WP_167827865.1	NC_015931.1	1141221	1142619
GCF_002078355.1	fad_RS03915	WP_081141987.1	NZ_CP015363.1	754660	758485
GCF_002078355.1	fad_RS06505	WP_081142798.1	NZ_CP015363.1	1314194	1316867
GCF_001011115.1	HLASF_RS01860	WP_050047711.1	NZ_CP008874.1	368583	370425
GCF_002813695.1	BK009_RS09275	WP_236950974.1	NZ_CP017768.1	1896319	1901581
GCF_002813695.1	BK009_RS03770	WP_100909082.1	NZ_CP017768.1	805115	807467
GCF_002813695.1	BK009_RS09600	WP_157809725.1	NZ_CP017768.1	1970315	1972205
GCF_001870125.1	A4241_RS04925	WP_148686070.1	NZ_CP017922.1	981044	983210
GCF_002952775.1	AArcSl_RS06280	WP_119816534.1	NZ_CP025066.1	1266830	1268687
GCF_002952775.1	AArcSl_RS11285	WP_119819144.1	NZ_CP025066.1	2253999	2257452
GCF_002952775.1	AArcSl_RS03275	WP_119814981.1	NZ_CP025066.1	683971	687526
GCF_002952775.1	AArcSl_RS11305	WP_119819152.1	NZ_CP025066.1	2260410	2263497
GCF_002952775.1	AArcSl_RS08260	WP_119817575.1	NZ_CP025066.1	1668851	1671938
GCF_000698785.1	NVIE_RS04465	WP_075054214.1	NZ_CP007536.1	761067	764400
GCF_000698785.1	NVIE_RS08165	WP_075054823.1	NZ_CP007536.1	1433536	1435636
GCF_000015765.1	MLAB_RS07615	WP_011833806.1	NC_008942.1	1466547	1471266
GCF_000015765.1	MLAB_RS07000	WP_011833692.1	NC_008942.1	1349225	1352399
GCF_000015765.1	MLAB_RS00235	WP_011832425.1	NC_008942.1	48750	49479
GCF_000956175.1	NADRNF5_RS06445	WP_048116321.1	NZ_CP011070.1	1085614	1087825
GCF_000956175.1	NADRNF5_RS02360	WP_048115297.1	NZ_CP011070.1	401690	403784
GCF_000517625.1	HALLA_RS08205	WP_049954046.1	NZ_CP007055.1	1610794	1613581
GCF_000517625.1	HALLA_RS01000	WP_049951645.1	NZ_CP007055.1	201199	204823
GCF_000517625.1	HALLA_RS11880	WP_049953557.1	NZ_CP007055.1	2351760	2355513
GCF_000517625.1	HALLA_RS10990	WP_049953394.1	NZ_CP007055.1	2167614	2169522
GCF_000223905.1	HAH_RS15225	WP_014030585.1	NC_015943.1	20768	23633
GCF_000223905.1	HAH_RS05335	WP_014039995.1	NC_015948.1	1037200	1039426
GCF_000223905.1	HAH_RS13300	WP_014041390.1	NC_015948.1	2637718	2639560
GCF_000223905.1	HAH_RS07700	WP_014040410.1	NC_015948.1	1511380	1514068
GCF_000007005.1	SSO_RS08275	WP_009992506.1	NC_002754.1	1555337	1556732
GCF_000007005.1	SSO_RS08645	WP_009992506.1	NC_002754.1	1622938	1624333
GCF_000007005.1	SSO_RS11105	WP_009991842.1	NC_002754.1	2085728	2087216
GCF_000970085.1	MSSIT_RS07355	WP_048171264.1	NZ_CP009506.1	1714081	1714750
GCF_000970085.1	MSSIT_RS16125	WP_048173569.1	NZ_CP009506.1	3852158	3852911
GCF_000970085.1	MSSIT_RS14560	WP_048173297.1	NZ_CP009506.1	3488870	3494657
GCF_000300255.2	MMALV_RS03580	WP_015504614.1	NC_020913.1	701940	704907
GCF_000300255.2	MMALV_RS02245	WP_197736281.1	NC_020913.1	414734	415067
GCF_000300255.2	MMALV_RS01395	WP_015504184.1	NC_020913.1	250731	254484
GCF_002813085.1	BK798_RS04650	WP_100815490.1	NZ_CP017803.1	922896	929574
GCF_002813085.1	BK798_RS03865	WP_100815404.1	NZ_CP017803.1	752872	755857
GCF_002813085.1	BK798_RS03820	WP_157806897.1	NZ_CP017803.1	741973	745822
GCF_002813085.1	BK798_RS03605	WP_019263181.1	NZ_CP017803.1	700117	702577
GCF_002813085.1	BK798_RS05635	WP_198514127.1	NZ_CP017803.1	1141678	1149079
GCF_002813085.1	BK798_RS04270	WP_232724535.1	NZ_CP017803.1	833717	835553
GCF_002813085.1	BK798_RS02680	WP_100815304.1	NZ_CP017803.1	520243	521554
GCF_000299395.1	NSED_RS07610	WP_014965678.1	NC_018656.1	1274809	1276903
GCF_001266695.1	MsedC_RS05725	WP_012021081.1	NZ_CP012174.1	1063203	1064280
GCF_001266695.1	MsedC_RS05565	WP_012021053.1	NZ_CP012174.1	1029605	1030841
GCF_001488575.1	HHUB_RS07730	WP_059057056.1	NZ_LN831302.1	1481166	1483878
GCF_001488575.1	HHUB_RS00690	WP_059055276.1	NZ_LN831302.1	137018	138848
GCF_001488575.1	HHUB_RS15325	WP_059059048.1	NZ_LN831304.1	133194	136833
GCF_000762265.1	BRM9_RS11785	WP_048085834.1	NZ_CP006933.1	2382360	2387544
GCF_000762265.1	BRM9_RS05835	WP_048085114.1	NZ_CP006933.1	1172999	1175315
GCF_000019605.1	KCR_RS02245	WP_012309089.1	NC_010482.1	452793	453921
GCF_900083515.1	CSP5_RS00410	WP_171970398.1	NZ_LT671858.1	85579	87415
GCF_900083515.1	CSP5_RS03660	WP_148689655.1	NZ_LT671858.1	742299	744996
GCF_900083515.1	CSP5_RS04975	WP_148689783.1	NZ_LT671858.1	1030630	1031908
GCF_000196655.1	METEV_RS01780	WP_013193847.1	NC_014253.1	346100	349358
GCF_000196655.1	METEV_RS01770	WP_013193845.1	NC_014253.1	342295	344188
GCF_000196655.1	METEV_RS00745	WP_013193644.1	NC_014253.1	144913	148747
GCF_900012635.1	CHITON_RS07785	WP_068578292.1	NZ_LN999010.1	1448361	1448550
GCF_000725425.1	PAP_RS06070	WP_048165165.1	NZ_CP006019.1	1107605	1108811
GCF_001266655.1	MsedA_RS05720	WP_012021081.1	NZ_CP012172.1	1063205	1064282
GCF_001266655.1	MsedA_RS05560	WP_012021053.1	NZ_CP012172.1	1029607	1030843
GCF_000025625.1	NMAG_RS11505	WP_049916268.1	NC_013922.1	2448307	2451874
GCF_000025625.1	NMAG_RS06710	WP_004268095.1	NC_013922.1	1432554	1434420
GCF_000025625.1	NMAG_RS05055	WP_004216908.1	NC_013922.1	1081474	1084435
GCF_000023965.1	HMUK_RS02605	WP_012808083.1	NC_013202.1	526551	528393
GCF_000023965.1	HMUK_RS16005	WP_012807481.1	NC_013201.1	110209	113638
GCF_000023965.1	HMUK_RS10155	WP_015763066.1	NC_013202.1	2017209	2020014
GCF_001548675.1	TL18_RS04605	WP_067042005.1	NZ_CP010834.1	1089905	1092914
GCF_001548675.1	TL18_RS04090	WP_067041711.1	NZ_CP010834.1	957932	965270
GCF_001548675.1	TL18_RS05580	WP_067042616.1	NZ_CP010834.1	1277984	1280429
GCF_000025505.1	FERP_RS08280	WP_012966143.1	NC_013849.1	1436916	1438428
GCF_000025505.1	FERP_RS02040	WP_012964931.1	NC_013849.1	353331	355245
GCF_002156965.1	NMSP_RS01695	WP_086908323.1	NZ_CP021324.1	292923	295017
GCF_002156965.1	NMSP_RS02105	WP_086907236.1	NZ_CP021324.1	367402	370315
GCF_000969965.1	MSWHS_RS17435	WP_231585507.1	NZ_CP009503.1	3958788	3963786
GCF_000969965.1	MSWHS_RS09255	WP_048158960.1	NZ_CP009503.1	2109099	2112408
GCF_002813655.1	BK007_RS02115	WP_100904905.1	NZ_CP017766.1	425679	427614
GCF_002813655.1	BK007_RS02120	WP_100904906.1	NZ_CP017766.1	427606	429520
GCF_002813655.1	BK007_RS09935	WP_100906262.1	NZ_CP017766.1	2004088	2006440
GCF_000970245.1	MSMAC_RS05255	WP_048038341.1	NZ_CP009514.1	1198364	1204061
GCF_000970245.1	MSMAC_RS13295	WP_048038523.1	NZ_CP009514.1	3082176	3085482
GCF_000970245.1	MSMAC_RS13080	WP_011032144.1	NZ_CP009514.1	3024509	3027236
GCF_000025525.1	MFS40622_RS01855	WP_012979979.1	NC_013887.1	360673	362878
GCF_000025525.1	MFS40622_RS03715	WP_012980340.1	NC_013887.1	743891	746303
GCF_001305655.1	HLASA_RS01860	WP_050047711.1	NZ_CP011564.1	368376	370218
GCF_000304355.2	BN140_RS06155	WP_014867137.1	NC_018227.2	1270237	1272202
GCF_000304355.2	BN140_RS10260	WP_014867957.1	NC_018227.2	2126377	2129899
GCF_000304355.2	BN140_RS03690	WP_014866635.1	NC_018227.2	763983	767802
GCF_000304355.2	BN140_RS05130	WP_014866920.1	NC_018227.2	1066531	1067686
GCF_000022205.1	HLAC_RS17900	WP_012659189.1	NC_012028.1	37431	38754
GCF_000022205.1	HLAC_RS15665	WP_014053205.1	NC_012028.1	442651	445498
GCF_000022205.1	HLAC_RS08445	WP_049933712.1	NC_012029.1	1715386	1718083
GCF_000022205.1	HLAC_RS01015	WP_012659450.1	NC_012029.1	218700	220545
GCF_000734035.1	AFULGI_RS08075	WP_048095822.1	NZ_CP006577.1	1453403	1455206
GCF_000734035.1	AFULGI_RS05260	WP_231487639.1	NZ_CP006577.1	955788	956601
GCF_000338775.1	SACRON12I_RS09080	WP_011278694.1	NC_020247.1	1680898	1682089
GCF_000338775.1	SACRON12I_RS00750	WP_011277079.1	NC_020247.1	126943	128431
GCF_002214365.1	A3L02_RS01310	WP_088862267.1	NZ_CP014854.1	223123	225103
GCF_000970125.1	MSSIH_RS14485	WP_148705697.1	NZ_CP009507.1	3436740	3438150
GCF_000970125.1	MSSIH_RS14605	WP_148705709.1	NZ_CP009507.1	3465016	3470779
GCF_000970125.1	MSSIH_RS07050	WP_148705134.1	NZ_CP009507.1	1659552	1660206
GCF_000970125.1	MSSIH_RS10195	WP_148705389.1	NZ_CP009507.1	2394974	2396813
GCF_000328685.1	NATOC_RS13160	WP_049888769.1	NC_019974.1	2630361	2633091
GCF_000328685.1	NATOC_RS09970	WP_015321314.1	NC_019974.1	2003005	2004871
GCF_000328685.1	NATOC_RS20225	WP_015323356.1	NC_019976.1	145514	148403
GCF_000328685.1	NATOC_RS04355	WP_245549683.1	NC_019974.1	873874	877309
GCF_000011005.1	MCP_RS04935	WP_012899713.1	NC_013665.1	963432	966696
GCF_000013445.1	MHUN_RS09375	WP_011448781.1	NC_007796.1	2030392	2032423
GCF_000013445.1	MHUN_RS09145	WP_011448736.1	NC_007796.1	1977583	1979125
GCF_000013445.1	MHUN_RS00750	WP_011447216.1	NC_007796.1	163805	164204
GCF_000013445.1	MHUN_RS13710	WP_011449581.1	NC_007796.1	2899907	2900951
GCF_000013445.1	MHUN_RS02880	WP_011447598.1	NC_007796.1	633842	637292
GCF_000013445.1	MHUN_RS19210	WP_011448375.1	NC_007796.1	1561686	1562850
GCF_000013445.1	MHUN_RS19205	WP_011448374.1	NC_007796.1	1560130	1561711
GCF_000013445.1	MHUN_RS07900	WP_011448513.1	NC_007796.1	1731870	1735698
GCF_001563245.1	YLM1_RS03765	WP_067146449.1	NZ_CP014265.1	903152	905687
GCF_001563245.1	YLM1_RS03710	WP_067146428.1	NZ_CP014265.1	882848	889607
GCF_001477655.1	SM9_RS06775	WP_198144349.1	NZ_CP011266.1	1553379	1561101
GCF_001477655.1	SM9_RS04665	WP_058739031.1	NZ_CP011266.1	1048870	1051312
GCF_001477655.1	SM9_RS05965	WP_058739269.1	NZ_CP011266.1	1358829	1361910
GCF_900090055.1	CPM_RS03690	WP_083705235.1	NZ_LT719092.1	742829	745526
GCF_900090055.1	CPM_RS00270	WP_171970398.1	NZ_LT719092.1	64484	66320
GCF_900090055.1	CPM_RS05065	WP_077076295.1	NZ_LT719092.1	1040144	1041422
GCF_000404225.1	H729_RS03950	WP_020448710.1	NC_021353.1	827325	831306
GCF_000404225.1	H729_RS09480	WP_020448937.1	NC_021353.1	1052878	1057672
GCF_000404225.1	H729_RS04225	WP_020448764.1	NC_021353.1	876908	882551
GCF_002214585.1	A3L09_RS10650	WP_088859064.1	NZ_CP014863.1	4864	6763
GCF_002214585.1	A3L09_RS00605	WP_088857131.1	NZ_CP014862.1	109952	111296
GCF_900079115.1	SSOP1_RS08810	WP_009992506.1	NZ_LT549890.1	1647843	1649238
GCF_900079115.1	SSOP1_RS11500	WP_009991842.1	NZ_LT549890.1	2156937	2158425
GCF_000215995.1	PYCH_RS03040	WP_013905364.1	NC_015680.1	518228	520883
GCF_000023945.1	HUTA_RS02245	WP_012795519.1	NC_013158.1	448650	451359
GCF_000023945.1	HUTA_RS08440	WP_015789475.1	NC_013158.1	1739269	1742020
GCF_000023945.1	HUTA_RS07050	WP_015789193.1	NC_013158.1	1412137	1413979
GCF_000023945.1	HUTA_RS09395	WP_015789661.1	NC_013158.1	1943709	1946589
GCF_000023945.1	HUTA_RS08375	WP_015789460.1	NC_013158.1	1720954	1723801
GCF_000008265.1	PTO_RS06530	WP_011178046.1	NC_005877.1	1248610	1251169
GCF_000008265.1	PTO_RS00915	WP_011176977.1	NC_005877.1	203355	207183
GCF_000237865.1	HQRW_RS06150	WP_014555900.1	NC_017459.1	1386654	1389546
GCF_000237865.1	HQRW_RS10445	WP_014556560.1	NC_017459.1	2344609	2347432
GCF_000147875.1	MPET_RS11760	WP_013330261.1	NC_014507.1	2335592	2338607
GCF_000147875.1	MPET_RS09060	WP_013329720.1	NC_014507.1	1816075	1817887
GCF_000147875.1	MPET_RS04620	WP_013328852.1	NC_014507.1	916916	918845
GCF_000147875.1	MPET_RS05180	WP_013328954.1	NC_014507.1	1015805	1017557
GCF_000024185.1	MRU_RS05930	WP_012955983.1	NC_013790.1	1565538	1570236
GCF_000024185.1	MRU_RS05580	WP_012955912.1	NC_013790.1	1457146	1459714
GCF_000024185.1	MRU_RS05810	WP_012955958.1	NC_013790.1	1528510	1530211
GCF_000024185.1	MRU_RS05710	WP_012955938.1	NC_013790.1	1503299	1507940
GCF_000024185.1	MRU_RS05625	WP_012955921.1	NC_013790.1	1470851	1478750
GCF_000970165.1	MSMAW_RS12165	WP_048047754.1	NZ_CP009509.1	2861822	2867519
GCF_000970165.1	MSMAW_RS17820	WP_230626542.1	NZ_CP009509.1	1404026	1405568
GCF_000970165.1	MSMAW_RS06130	WP_048052926.1	NZ_CP009509.1	1402260	1404102
GCF_000970165.1	MSMAW_RS10335	WP_155395762.1	NZ_CP009509.1	2441902	2444188
GCF_000022365.1	TGAM_RS08250	WP_015859243.1	NC_012804.1	1538599	1540255
GCF_002215525.1	B6A20_RS09190	WP_011278694.1	NZ_CP020363.1	1678885	1680076
GCF_002215525.1	B6A20_RS00750	WP_011277079.1	NZ_CP020363.1	126942	128430
GCF_002813675.1	BK008_RS11400	WP_100907820.1	NZ_CP017767.1	2342666	2345018
GCF_002813675.1	BK008_RS04865	WP_232728085.1	NZ_CP017767.1	965623	970885
GCF_000970205.1	MSMAS_RS05875	WP_011032144.1	NZ_CP009512.1	1323358	1326085
GCF_000970205.1	MSMAS_RS11320	WP_011034505.1	NZ_CP009512.1	2657666	2663363
GCF_000970205.1	MSMAS_RS06245	WP_048046372.1	NZ_CP009512.1	1434211	1435552
GCF_000970205.1	MSMAS_RS06155	WP_048038523.1	NZ_CP009512.1	1402654	1405960
GCF_000091665.1	MJ_RS09195	WP_010890091.1	NC_001732.1	56183	57338
GCF_000091665.1	MJ_RS09145	WP_010890082.1	NC_001732.1	43111	45004
GCF_000091665.1	MJ_RS08990	WP_244409564.1	NC_001732.1	8157	8787
GCF_000091665.1	MJ_RS08120	WP_010871043.1	NC_000909.1	1494088	1497616
GCF_000970225.1	MSMAL_RS06130	WP_048038523.1	NZ_CP009513.1	1398568	1401874
GCF_000970225.1	MSMAL_RS05495	WP_048040093.1	NZ_CP009513.1	1242604	1244485
GCF_000970225.1	MSMAL_RS15965	WP_011034505.1	NZ_CP009513.1	3711055	3716752
GCF_000970225.1	MSMAL_RS05925	WP_011032144.1	NZ_CP009513.1	1342092	1344819
GCF_000970225.1	MSMAL_RS09235	WP_048040593.1	NZ_CP009513.1	2155253	2156633
GCF_000970305.1	MSBR3_RS06650	WP_048107229.1	NZ_CP009517.1	1665687	1667073
GCF_000970305.1	MSBR3_RS01860	WP_048106051.1	NZ_CP009517.1	447562	453301
GCF_000970305.1	MSBR3_RS15760	WP_048109130.1	NZ_CP009517.1	3866990	3867719
GCF_000214725.1	MSWAN_RS03010	WP_013825140.1	NC_015574.1	649309	654337
GCF_000214725.1	MSWAN_RS04090	WP_013825344.1	NC_015574.1	887561	889919
GCF_000214725.1	MSWAN_RS11040	WP_013826733.1	NC_015574.1	2314038	2316132
GCF_000970005.1	MSWH1_RS08515	WP_048127732.1	NZ_CP009504.1	1939566	1942875
GCF_000970005.1	MSWH1_RS07640	WP_048127468.1	NZ_CP009504.1	1719723	1725507
GCF_000970005.1	MSWH1_RS11065	WP_048128528.1	NZ_CP009504.1	2525471	2527328
GCF_000281695.1	NJ7G_RS10225	WP_014864444.1	NC_018224.1	2113078	2116759
GCF_000281695.1	NJ7G_RS18335	WP_014865887.1	NC_018225.1	76757	80393
GCF_000281695.1	NJ7G_RS08375	WP_014864086.1	NC_018224.1	1760641	1763407
GCF_000281695.1	NJ7G_RS11495	WP_014864680.1	NC_018224.1	2376548	2378426
GCF_000970045.1	MSMTP_RS19940	WP_231582991.1	NZ_CP009505.1	1809161	1809509
GCF_000970045.1	MSMTP_RS08110	WP_052718326.1	NZ_CP009505.1	1922067	1926366
GCF_000970045.1	MSMTP_RS10075	WP_048178936.1	NZ_CP009505.1	2425532	2426933
GCF_000970045.1	MSMTP_RS04730	WP_048178046.1	NZ_CP009505.1	1076509	1078582
GCF_000970045.1	MSMTP_RS07795	WP_156153737.1	NZ_CP009505.1	1832314	1834966
GCF_000970045.1	MSMTP_RS10880	WP_048179212.1	NZ_CP009505.1	2629841	2635565
GCF_000152265.2	FACI_RS01965	WP_009886422.1	NC_021592.1	424249	426922
GCF_000152265.2	FACI_RS00050	WP_009886025.1	NC_021592.1	10910	13580
GCF_000152265.2	FACI_RS00085	WP_009886034.1	NC_021592.1	21530	24305
GCF_000152265.2	FACI_RS10055	WP_009887895.1	NC_021592.1	1793090	1796915
GCF_002215445.1	B6A16_RS09380	WP_011278694.1	NZ_CP020361.1	1711103	1712294
GCF_002215445.1	B6A16_RS00750	WP_011277079.1	NZ_CP020361.1	126942	128430
GCF_000092465.1	SHELL_RS01030	WP_013142541.1	NC_014205.1	182445	184053
GCF_000403645.1	L593_RS06240	WP_020446095.1	NC_021313.1	1352067	1353777
GCF_000403645.1	L593_RS03115	WP_020445470.1	NC_021313.1	647544	650451
GCF_000403645.1	L593_RS10855	WP_020447012.1	NC_021313.1	2385246	2387085
GCF_000403645.1	L593_RS12210	WP_020447280.1	NC_021313.1	2650173	2653881
GCF_000217715.1	HALXA_RS01490	WP_013878531.1	NC_015666.1	315836	318716
GCF_000217715.1	HALXA_RS08715	WP_013879971.1	NC_015666.1	1789567	1792324
GCF_000217715.1	HALXA_RS15325	WP_013881300.1	NC_015666.1	3149535	3153297
GCF_000217715.1	HALXA_RS06440	WP_013879503.1	NC_015666.1	1307804	1309703
GCF_000214415.1	METIG_RS07075	WP_013799528.1	NC_015562.1	1422783	1426089
GCF_000214415.1	METIG_RS03820	WP_013798923.1	NC_015562.1	792732	793893
GCF_000214415.1	METIG_RS04390	WP_013799030.1	NC_015562.1	894809	896309
GCF_900036045.1	MAB1_RS16105	WP_238320591.1	NZ_LT158599.1	2155310	2155667
GCF_900036045.1	MAB1_RS06240	WP_014867137.1	NZ_LT158599.1	1269350	1271315
GCF_900036045.1	MAB1_RS10760	WP_062265142.1	NZ_LT158599.1	2206076	2207036
GCF_900036045.1	MAB1_RS10755	WP_179965917.1	NZ_LT158599.1	2205711	2206029
GCF_000328525.1	HALRU_RS09755	WP_015301217.1	NC_019964.1	2046376	2049139
GCF_000328525.1	HALRU_RS01305	WP_015299615.1	NC_019964.1	305297	307175
GCF_000328525.1	HALRU_RS13785	WP_015302002.1	NC_019964.1	2873626	2875762
GCF_000012285.1	SACI_RS00750	WP_011277079.1	NC_007181.1	126943	128431
GCF_000012285.1	SACI_RS09085	WP_011278694.1	NC_007181.1	1682916	1684107
GCF_000022545.1	TSIB_RS10170	WP_015849074.1	NC_012883.1	727595	727727
GCF_000022545.1	TSIB_RS03895	WP_048160277.1	NC_012883.1	728040	728643
GCF_000022545.1	TSIB_RS00480	WP_048160109.1	NC_012883.1	94686	97350
GCF_000827835.1	SG26_RS18795	WP_050038470.1	NZ_CP010531.1	1806	5445
GCF_000827835.1	SG26_RS15875	WP_050038095.1	NZ_CP010529.1	3166116	3168804
GCF_000827835.1	SG26_RS01655	WP_050036690.1	NZ_CP010529.1	367183	370048
GCF_000827835.1	SG26_RS06165	WP_014041390.1	NZ_CP010529.1	1252071	1253913
GCF_000875775.1	NPIRD3C_RS09805	WP_148703966.1	NZ_CP010868.1	1622136	1624230
GCF_000875775.1	NPIRD3C_RS04295	WP_148702988.1	NZ_CP010868.1	736199	738281
GCF_000969945.1	MSKOL_RS07525	WP_048154874.1	NZ_CP009524.1	1818794	1824458
GCF_000969945.1	MSKOL_RS08855	WP_048155384.1	NZ_CP009524.1	2132523	2133993
GCF_002215405.1	B6A18_RS00750	WP_011277079.1	NZ_CP020360.1	126942	128430
GCF_000025285.1	ARCPR_RS00295	WP_012939472.1	NC_013741.1	49261	51868
GCF_000018465.1	NMAR_RS07490	WP_012215781.1	NC_010085.1	1279812	1281906
GCF_000018465.1	NMAR_RS06685	WP_012215628.1	NC_010085.1	1141480	1143562
GCF_001266735.1	MsedE_RS05585	WP_012021053.1	NZ_CP012176.1	1029607	1030843
GCF_001266735.1	MsedE_RS05745	WP_012021081.1	NZ_CP012176.1	1063205	1064282
GCF_000012545.1	MSP_RS00635	WP_011405745.1	NC_007681.1	143873	146069
GCF_000012545.1	MSP_RS08040	WP_011406516.1	NC_007681.1	1069638	1074180
GCF_000328665.1	METHO_RS12430	WP_015313861.1	NC_019972.1	133629	136677
GCF_000328665.1	METHO_RS12535	WP_015313882.1	NC_019972.1	169103	171185
GCF_002355655.1	CPZ01_RS03530	WP_096393459.1	NZ_AP017569.1	713844	716736
GCF_002355655.1	CPZ01_RS13865	WP_096396321.1	NZ_AP017570.1	9232	10897
GCF_002355655.1	CPZ01_RS06835	WP_096394036.1	NZ_AP017569.1	1401940	1403785
GCF_001190965.1	ABY42_RS01895	WP_050458567.1	NZ_CP011947.1	354815	356666
GCF_001190965.1	ABY42_RS13800	WP_050459776.1	NZ_CP011947.1	2711359	2714014
GCF_000006805.1	VNG_RS05850	WP_012289343.1	NC_002607.1	1113673	1116310
GCF_000006805.1	VNG_RS10250	WP_010903960.1	NC_002607.1	1960726	1962556
GCF_001266675.1	MsedB_RS05570	WP_012021053.1	NZ_CP012173.1	1029607	1030843
GCF_001266675.1	MsedB_RS05730	WP_012021081.1	NZ_CP012173.1	1063205	1064282
GCF_002214485.1	A3L08_RS03195	WP_088853662.1	NZ_CP015102.1	575996	577979
GCF_002156705.1	B1756_RS04500	WP_086887474.1	NZ_CP019893.1	896937	899781
GCF_002156705.1	B1756_RS10410	WP_086888475.1	NZ_CP019893.1	2123791	2125663
GCF_002156705.1	B1756_RS17945	WP_086889793.1	NZ_CP019893.1	3726402	3730218
GCF_002156705.1	B1756_RS16300	WP_228434400.1	NZ_CP019893.1	3372191	3374339
GCF_001577775.1	TQ32_RS06475	WP_074964173.1	NZ_CP010835.1	1213514	1217456
GCF_002787055.1	NAQ_RS00710	WP_100181783.1	NZ_CP024808.1	115440	117519
GCF_002787055.1	NAQ_RS00165	WP_100181690.1	NZ_CP024808.1	22623	24711
GCF_000063445.1	RCI_RS02065	WP_012034723.1	NC_009464.1	420533	422882
GCF_000063445.1	RCI_RS14550	WP_012037206.1	NC_009464.1	2970197	2973425
GCF_000969925.1	MSTHC_RS02350	WP_048166269.1	NZ_CP009502.1	571886	577247
GCF_000340315.1	SACN8_RS00750	WP_011277079.1	NC_020246.1	126943	128431
GCF_000340315.1	SACN8_RS09085	WP_011278694.1	NC_020246.1	1682920	1684111
GCF_001971705.1	BB347_RS00290	WP_076579620.1	NZ_CP019327.1	64637	66512
GCF_001971705.1	BB347_RS09050	WP_076580735.1	NZ_CP019327.1	1849546	1852312
GCF_001971705.1	BB347_RS03680	WP_076578289.1	NZ_CP019327.1	751533	754317
GCF_001971705.1	BB347_RS07745	WP_076582474.1	NZ_CP019327.1	1579843	1582714
GCF_001971705.1	BB347_RS10445	WP_076581213.1	NZ_CP019327.1	2147685	2151573
GCF_000007065.1	MM_RS14000	WP_155395762.1	NC_003901.1	3227880	3230166
GCF_000007065.1	MM_RS13420	WP_011034505.1	NC_003901.1	3082412	3088109
GCF_000007065.1	MM_RS01055	WP_011032144.1	NC_003901.1	261350	264077
GCF_000007065.1	MM_RS00155	WP_011031983.1	NC_003901.1	30529	33127
GCF_000009965.1	TK_RS03820	WP_011249724.1	NC_006624.1	672045	673992
GCF_000009965.1	TK_RS06925	WP_011250346.1	NC_006624.1	1217167	1219129
GCF_000172995.2	HBOR_RS19120	WP_006057200.1	NC_014737.1	6951	8832
GCF_000172995.2	HBOR_RS14670	WP_006056056.1	NC_014735.1	72368	75212
GCF_000172995.2	HBOR_RS17185	WP_006054533.1	NC_014731.1	307274	310817
GCF_000172995.2	HBOR_RS06285	WP_006054110.1	NC_014729.1	1198979	1202438
GCF_000172995.2	HBOR_RS13410	WP_006056222.1	NC_014729.1	2647861	2649712
GCF_000172995.2	HBOR_RS05980	WP_006054054.1	NC_014729.1	1147769	1150478
GCF_000385565.1	ASULF_RS07440	WP_015591102.1	NC_021169.1	1363247	1364756
GCF_000385565.1	ASULF_RS05850	WP_015590779.1	NC_021169.1	1081381	1082986
GCF_000251105.1	MTC_RS11510	WP_014406869.1	NC_017034.1	2194354	2198521
GCF_001458655.1	MB9_RS03850	WP_171824054.1	NZ_LN734822.1	805461	807363
GCF_001458655.1	MB9_RS11640	WP_048085834.1	NZ_LN734822.1	2382693	2387877
GCF_001458655.1	MB9_RS01735	WP_060537361.1	NZ_LN734822.1	366304	368416
GCF_001458655.1	MB9_RS05780	WP_060537672.1	NZ_LN734822.1	1225244	1227560
GCF_000009185.1	HQ_RS01875	WP_011570648.1	NC_008212.1	459435	461292
GCF_000009185.1	HQ_RS09845	WP_011572144.1	NC_008212.1	2231411	2234234
GCF_000009185.1	HQ_RS05930	WP_011571411.1	NC_008212.1	1378883	1381781
GCF_000769655.1	TEU_RS00595	WP_050001937.1	NZ_CP008887.1	96940	97984
GCF_000769655.1	TEU_RS00810	WP_050001980.1	NZ_CP008887.1	139658	141635
GCF_000011085.1	RR_RS05660	WP_011222984.1	NC_006396.1	322447	324673
GCF_000011085.1	RR_RS08245	WP_011223337.1	NC_006396.1	826165	828901
GCF_000011085.1	RR_RS14085	WP_004958922.1	NC_006396.1	2016599	2018441
GCF_000196895.1	HACJB3_RS16000	WP_008414112.1	NC_014298.1	287734	292462
GCF_000196895.1	HACJB3_RS08840	WP_008417324.1	NC_014297.1	1692014	1694726
GCF_000196895.1	HACJB3_RS16005	WP_008414113.1	NC_014298.1	292668	296430
GCF_000196895.1	HACJB3_RS13055	WP_008416051.1	NC_014297.1	2488079	2489918
GCF_000303155.1	NGAR_RS15945	WP_015020850.1	NC_018719.1	2665368	2667465
GCF_000404165.1	ABM4_RS04110	WP_016358418.1	NC_021355.1	1007162	1013921
GCF_000404165.1	ABM4_RS04310	WP_048200848.1	NC_021355.1	1070239	1072669
GCF_000404165.1	ABM4_RS02720	WP_016358148.1	NC_021355.1	650717	652979
GCF_000011585.1	MMP_RS01770	WP_011170276.1	NC_005791.1	328458	330339
GCF_000970025.1	MSBRM_RS06525	WP_048155091.1	NZ_CP009528.1	1610870	1612184
GCF_001647085.1	A7C91_RS09645	WP_068667010.1	NZ_CP015520.1	1760669	1761341
GCF_000730285.1	NTE_RS02970	WP_148699675.1	NZ_CP007174.1	597223	599341
GCF_000970065.1	MSBR2_RS05165	WP_048118233.1	NZ_CP009530.1	1256665	1262332
GCF_000970065.1	MSBR2_RS07620	WP_048119288.1	NZ_CP009530.1	1892131	1895440
GCF_000007225.1	PAE_RS00020	WP_011006968.1	NC_003364.1	2639	3797
GCF_000007225.1	PAE_RS03475	WP_011007703.1	NC_003364.1	621718	621994
GCF_000007225.1	PAE_RS00295	WP_011007031.1	NC_003364.1	52813	53797
GCF_000018305.1	CMAQ_RS07410	WP_012186485.1	NC_009954.1	1518924	1519848
GCF_000018365.1	TON_RS06995	WP_012572342.1	NC_011529.1	1250590	1252192
GCF_002215485.1	B6A17_RS09510	WP_011278694.1	NZ_CP020362.1	1727218	1728409
GCF_002215485.1	B6A17_RS00750	WP_011277079.1	NZ_CP020362.1	126942	128430
GCF_000969905.1	MSVAZ_RS07775	WP_048119948.1	NZ_CP009520.1	1851601	1857265
GCF_000023985.1	MEFER_RS07480	WP_015792014.1	NC_013156.1	1391049	1393323
GCF_000828575.1	MTCT_RS02035	WP_048175309.1	NZ_AP011952.1	383269	386023
GCF_000828575.1	MTCT_RS02085	WP_048175319.1	NZ_AP011952.1	393784	398566
GCF_000828575.1	MTCT_RS09165	WP_173402626.1	NZ_AP011952.1	425287	428770
GCF_000234805.1	P186_RS06555	WP_148682808.1	NC_016645.1	1180754	1182110
GCF_000800805.1	Mpt1_RS03330	WP_048112136.1	NZ_CP010070.1	709548	712452
GCF_000800805.1	Mpt1_RS05320	WP_048112878.1	NZ_CP010070.1	1096556	1100303
GCF_000015945.1	SMAR_RS02930	WP_011838876.1	NC_009033.1	584073	585684
GCF_002214545.1	A3L14_RS03900	WP_055428982.1	NZ_CP015105.1	716096	717458
GCF_002215565.1	B6A19_RS00755	WP_011277079.1	NZ_CP020364.1	126943	128431
GCF_002215565.1	B6A19_RS09230	WP_011278694.1	NZ_CP020364.1	1682978	1684169
GCF_002906215.1	CRG89_RS03260	WP_158648688.1	NZ_CP024014.1	616389	618888
GCF_002116695.1	B6F84_RS01045	WP_148690498.1	NZ_CP020477.1	270595	271012
GCF_001412615.1	Pyrde_RS04375	WP_055408541.1	NZ_CP013011.1	850893	852474
GCF_002214165.1	Mia14_RS02645	WP_198539368.1	NZ_CP019964.1	488203	490903
GCF_002214465.1	A3L01_RS08350	WP_088865369.1	NZ_CP015101.1	1528142	1530101
GCF_000011185.1	TVG_RS03990	WP_010916997.1	NC_002689.2	754204	756862
GCF_000970285.1	MSHOH_RS14640	WP_048140708.1	NZ_CP009516.1	3339269	3345047
GCF_000299365.1	NKOR_RS07650	WP_014963783.1	NC_018655.1	1284611	1286705
GCF_000317795.1	CALAG_RS02960	WP_015232260.1	NC_019791.1	583347	586104
GCF_000327485.1	METFOR_RS09365	WP_015285888.1	NC_019943.1	1858000	1861318
GCF_900248165.1	NCAV_RS05755	WP_158648688.1	NZ_LT981265.1	1095000	1097499
