GCF_000015945.1	SMAR_RS04070	WP_011839085.1	NC_009033.1	789654	790911
GCF_000217715.1	HALXA_RS17960	WP_013875674.1	NC_015658.1	42030	43002
GCF_000195915.1	TA_RS07220	WP_010901801.1	NC_002578.1	1443255	1444497
GCF_002215485.1	B6A17_RS11235	WP_011278990.1	NZ_CP020362.1	2101116	2101836
GCF_000470655.1	HTIA_RS03715	WP_008527231.1	NC_021921.1	713763	714741
GCF_000698785.1	NVIE_RS06085	WP_075056031.1	NZ_CP007536.1	1064187	1064928
GCF_000327485.1	METFOR_RS02110	WP_015284457.1	NC_019943.1	419102	420017
GCF_001412615.1	Pyrde_RS00805	WP_055407384.1	NZ_CP013011.1	134312	135599
GCF_000069025.1	OE_RS01775	WP_010902295.1	NC_010364.1	345236	346208
GCF_000015145.1	HBUT_RS02115	WP_011821589.1	NC_008818.1	391924	393142
GCF_000022445.1	M164_RS12110	WP_012736207.1	NC_012726.1	2245220	2245940
GCF_000023965.1	HMUK_RS15135	WP_015764071.1	NC_013202.1	3000388	3001357
GCF_000970325.1	MCMEM_RS03660	WP_048204910.1	NZ_CP009518.1	715473	716382
GCF_000189555.1	SIRE_RS11725	WP_012714426.1	NC_017276.1	2156924	2157644
GCF_000328685.1	NATOC_RS17870	WP_015322889.1	NC_019974.1	3680283	3681255
GCF_000007225.1	PAE_RS08615	WP_011008760.1	NC_003364.1	1536366	1537170
GCF_002215445.1	B6A16_RS02445	WP_011277382.1	NZ_CP020361.1	424636	425563
GCF_001266655.1	MsedA_RS04865	WP_012020920.1	NZ_CP012172.1	889319	890036
GCF_900079115.1	SSOP1_RS14410	WP_009993313.1	NZ_LT549890.1	2705503	2706223
GCF_001886955.1	HSR6_RS04950	WP_071933007.1	NZ_CP016804.1	946744	947716
GCF_000730285.1	NTE_RS12000	WP_148701229.1	NZ_CP007174.1	2198859	2199603
GCF_002116695.1	B6F84_RS05330	WP_148691279.1	NZ_CP020477.1	1140634	1141357
GCF_002906575.1	C2R22_RS06960	WP_103425112.1	NZ_CP026309.1	1415696	1416644
GCF_000019805.1	TNEU_RS05555	WP_012350460.1	NC_010525.1	995508	996687
GCF_000303155.1	NGAR_RS04685	WP_015018513.1	NC_018719.1	802365	803115
GCF_000223395.1	PYRFU_RS05565	WP_014026660.1	NC_015931.1	1055011	1056130
GCF_000172995.2	HBOR_RS10945	WP_006056716.1	NC_014729.1	2165807	2166761
GCF_000011085.1	RR_RS06880	WP_004961944.1	NC_006396.1	566203	567181
GCF_000338775.1	SACRON12I_RS02285	WP_011277382.1	NC_020247.1	399028	399955
GCF_000025865.1	MMAH_RS03550	WP_013037171.1	NC_014002.1	728762	729509
GCF_000403645.1	L593_RS09600	WP_020446767.1	NC_021313.1	2128803	2129781
GCF_002215565.1	B6A19_RS10825	WP_011278990.1	NZ_CP020364.1	2040256	2040976
GCF_000006805.1	VNG_RS01785	WP_010902295.1	NC_002607.1	353959	354931
GCF_000022465.1	YG5714_RS12560	WP_012714426.1	NC_012622.1	2314986	2315706
GCF_001767315.1	HTSR_RS04705	WP_070364864.1	NZ_CP016070.1	918878	919850
GCF_001989615.1	BV210_RS03610	WP_077205323.1	NZ_CP019067.1	707220	708189
GCF_000092465.1	SHELL_RS00040	WP_013142356.1	NC_014205.1	4680	5937
GCF_000299365.1	NKOR_RS09760	WP_016939450.1	NC_018655.1	1634286	1635012
GCF_000022205.1	HLAC_RS05470	WP_015909848.1	NC_012029.1	1112254	1113226
GCF_002906215.1	CRG89_RS00250	WP_103287829.1	NZ_CP024014.1	48473	49193
GCF_000591055.1	NMLP_RS09400	WP_015409877.1	NC_020388.1	1956883	1957852
GCF_000196655.1	METEV_RS04370	WP_013194347.1	NC_014253.1	835245	835956
GCF_000092185.1	TAGG_RS06090	WP_013130069.1	NC_014160.1	1130427	1131702
GCF_002215485.1	B6A17_RS02575	WP_011277382.1	NZ_CP020362.1	440848	441775
GCF_000011085.1	RR_RS00350	WP_011222179.1	NC_006390.1	26361	27342
GCF_001266715.1	MsedD_RS04870	WP_012020920.1	NZ_CP012175.1	889319	890036
GCF_000022405.1	M1425_RS12110	WP_012712354.1	NC_012588.1	2243748	2244468
GCF_001190965.1	ABY42_RS05240	WP_050458879.1	NZ_CP011947.1	996696	997650
GCF_002156965.1	NMSP_RS00250	WP_086908294.1	NZ_CP021324.1	39076	39793
GCF_000517625.1	HALLA_RS07870	WP_049952835.1	NZ_CP007055.1	1537047	1538019
GCF_002215405.1	B6A18_RS10775	WP_011278990.1	NZ_CP020360.1	1985998	1986718
GCF_001011115.1	HLASF_RS07445	WP_050048717.1	NZ_CP008874.1	1491381	1492365
GCF_000025625.1	NMAG_RS03170	WP_004216418.1	NC_013922.1	670244	671216
GCF_002215445.1	B6A16_RS11110	WP_011278990.1	NZ_CP020361.1	2084743	2085463
GCF_000022385.1	LS215_RS03105	WP_012713134.1	NC_012589.1	543480	544386
GCF_000970325.1	MCMEM_RS03655	WP_082087254.1	NZ_CP009518.1	714606	715350
GCF_000152265.2	FACI_RS05935	WP_009887224.1	NC_021592.1	1152731	1153469
GCF_000026045.1	NP_RS11285	WP_011323991.1	NC_007426.1	2217814	2218783
GCF_000186365.1	DESMU_RS07015	WP_245526448.1	NC_014961.1	110223	111537
GCF_000189555.1	SIRE_RS04435	WP_014513833.1	NC_017276.1	841364	842270
GCF_000189575.1	SIH_RS08315	WP_014512741.1	NC_017275.1	1537232	1538162
GCF_000328685.1	NATOC_RS15595	WP_015322443.1	NC_019974.1	3182590	3183310
GCF_000022485.1	YN1551_RS01640	WP_012714426.1	NC_012623.1	301397	302117
GCF_000023945.1	HUTA_RS04345	WP_015788647.1	NC_013158.1	855032	856010
GCF_002844335.1	BVU17_RS06375	WP_101349902.1	NZ_CP019154.1	1244893	1245871
GCF_002787055.1	NAQ_RS06885	WP_100182833.1	NZ_CP024808.1	1183086	1183842
GCF_002215525.1	B6A20_RS10920	WP_011278990.1	NZ_CP020363.1	2052607	2053327
GCF_000012285.1	SACI_RS10645	WP_011278990.1	NC_007181.1	2040366	2041086
GCF_000022385.1	LS215_RS12905	WP_012714426.1	NC_012589.1	2376295	2377015
GCF_001266675.1	MsedB_RS04870	WP_012020920.1	NZ_CP012173.1	889319	890036
GCF_002215525.1	B6A20_RS02295	WP_011277382.1	NZ_CP020363.1	399027	399954
GCF_000015145.1	HBUT_RS02725	WP_011821704.1	NC_008818.1	508957	510250
GCF_000970045.1	MSMTP_RS04090	WP_048182648.1	NZ_CP009505.1	907315	908320
GCF_000875775.1	NPIRD3C_RS04865	WP_148703088.1	NZ_CP010868.1	830699	831473
GCF_002952775.1	AArcSl_RS09305	WP_119818104.1	NZ_CP025066.1	1869317	1870289
GCF_000189575.1	SIH_RS12310	WP_014513137.1	NC_017275.1	2278463	2279183
GCF_002215405.1	B6A18_RS02445	WP_011277382.1	NZ_CP020360.1	424636	425563
GCF_000196655.1	METEV_RS07255	WP_013194874.1	NC_014253.1	1456871	1457606
GCF_000340315.1	SACN8_RS02285	WP_011277382.1	NC_020246.1	399030	399957
GCF_000237865.1	HQRW_RS03680	WP_011570946.1	NC_017459.1	829556	830528
GCF_000364745.1	SIL_RS11420	WP_012714426.1	NC_021058.1	2109757	2110477
GCF_000956175.1	NADRNF5_RS00095	WP_048114394.1	NZ_CP011070.1	25491	26208
GCF_000015145.1	HBUT_RS08070	WP_011822681.1	NC_008818.1	1551268	1552624
GCF_000875775.1	NPIRD3C_RS01545	WP_148702528.1	NZ_CP010868.1	280036	280762
GCF_002906575.1	C2R22_RS06965	WP_103425113.1	NZ_CP026309.1	1416914	1417880
GCF_002355655.1	CPZ01_RS03320	WP_096393422.1	NZ_AP017569.1	676235	677207
GCF_002215565.1	B6A19_RS02300	WP_011277382.1	NZ_CP020364.1	399028	399955
GCF_000007005.1	SSO_RS14135	WP_009993313.1	NC_002754.1	2661825	2662545
GCF_000281695.1	NJ7G_RS03905	WP_008452224.1	NC_018224.1	820210	821182
GCF_002156705.1	B1756_RS01045	WP_086886860.1	NZ_CP019893.1	221872	222844
GCF_001190965.1	ABY42_RS05245	WP_004977528.1	NZ_CP011947.1	997784	998762
GCF_000196895.1	HACJB3_RS13585	WP_202946629.1	NC_014297.1	2591693	2592653
GCF_000017945.1	IGNI_RS07300	WP_012123546.1	NC_009776.1	1266943	1268113
GCF_000338775.1	SACRON12I_RS10645	WP_011278990.1	NC_020247.1	2038389	2039109
GCF_000217715.1	HALXA_RS00980	WP_013878425.1	NC_015666.1	189129	190101
GCF_000025685.1	HVO_RS09880	WP_004043859.1	NC_013967.1	984664	985642
GCF_000223395.1	PYRFU_RS01385	WP_014025815.1	NC_015931.1	235196	236435
GCF_001266735.1	MsedE_RS04880	WP_012020920.1	NZ_CP012176.1	889319	890036
GCF_001412615.1	Pyrde_RS00205	WP_055407193.1	NZ_CP013011.1	31244	32525
GCF_000021965.1	MPAL_RS06845	WP_012618018.1	NC_011832.1	1406576	1408037
GCF_000827835.1	SG26_RS14525	WP_005534748.1	NZ_CP010529.1	2909175	2910153
GCF_000328525.1	HALRU_RS08885	WP_015301060.1	NC_019964.1	1874131	1875103
GCF_001971705.1	BB347_RS05705	WP_076581907.1	NZ_CP019327.1	1162496	1163468
GCF_002078355.1	fad_RS04570	WP_081142190.1	NZ_CP015363.1	898422	899244
GCF_002156705.1	B1756_RS00295	WP_086886729.1	NZ_CP019893.1	64061	64778
GCF_001481685.1	EYM_RS04965	WP_075049954.1	NZ_CP006867.1	893040	894195
GCF_000223905.1	HAH_RS06370	WP_005534748.1	NC_015948.1	1258484	1259462
GCF_000306765.2	HFX_RS05290	WP_004572587.1	NC_017941.2	1038121	1039093
GCF_000190315.1	VMUT_RS05540	WP_013604438.1	NC_015151.1	1043153	1044056
GCF_000009185.1	HQ_RS03440	WP_011570946.1	NC_008212.1	809354	810326
GCF_000018465.1	NMAR_RS00255	WP_012214436.1	NC_010085.1	38304	39030
GCF_001719125.1	BFU36_RS08000	WP_069283247.1	NZ_CP017006.1	1517491	1518202
GCF_000025325.1	HTUR_RS10065	WP_012943218.1	NC_013743.1	2115114	2116086
GCF_000299395.1	NSED_RS09895	WP_014966123.1	NC_018656.1	1660381	1661107
GCF_001266695.1	MsedC_RS04870	WP_012020920.1	NZ_CP012174.1	889317	890034
GCF_001488575.1	HHUB_RS02525	WP_059055934.1	NZ_LN831302.1	509449	510421
GCF_002355635.1	CPZ00_RS01295	WP_096389014.1	NZ_AP017558.1	279844	280816
GCF_001305655.1	HLASA_RS07445	WP_050048717.1	NZ_CP011564.1	1491800	1492784
GCF_000015225.1	TPEN_RS00760	WP_011751828.1	NC_008698.1	130228	131290
GCF_001412615.1	Pyrde_RS04540	WP_055408594.1	NZ_CP013011.1	891903	893271
GCF_000012285.1	SACI_RS02285	WP_011277382.1	NC_007181.1	399027	399954
GCF_000172995.2	HBOR_RS10950	WP_006056715.1	NC_014729.1	2166983	2167955
GCF_000022425.1	M1627_RS12550	WP_012714426.1	NC_012632.1	2348173	2348893
GCF_000011205.1	STK_RS14065	WP_010980652.1	NC_003106.2	2579953	2580673
GCF_000446015.1	N186_RS01645	WP_020962033.1	NC_022093.1	297080	298142
GCF_000234805.1	P186_RS06570	WP_014288662.1	NC_016645.1	1183765	1184950
GCF_000340315.1	SACN8_RS10430	WP_011278990.1	NC_020246.1	1990770	1991490
GCF_000196895.1	HACJB3_RS13575	WP_008416215.1	NC_014297.1	2590185	2591157
GCF_000063445.1	RCI_RS04475	WP_012035208.1	NC_009464.1	869007	872529
GCF_000179575.2	METOK_RS01000	WP_013866383.1	NC_015636.1	207422	210986
GCF_000328685.1	NATOC_RS02890	WP_015319915.1	NC_019974.1	580566	584148
GCF_000025325.1	HTUR_RS06580	WP_012942535.1	NC_013743.1	1391237	1394828
GCF_000970185.1	MSMAP_RS01455	WP_048042641.1	NZ_CP009511.1	350637	354165
GCF_000007345.1	MA_RS22635	WP_011024214.1	NC_003552.1	5335807	5339335
GCF_000304355.2	BN140_RS02755	WP_014866457.1	NC_018227.2	559365	562809
GCF_000195915.1	TA_RS04050	WP_010901200.1	NC_002578.1	832258	835681
GCF_000013445.1	MHUN_RS00120	WP_011447100.1	NC_007796.1	35213	38654
GCF_000403645.1	L593_RS02250	WP_020445293.1	NC_021313.1	460971	464544
GCF_000211475.1	PNA2_RS02060	WP_013747872.1	NC_015474.1	331657	335194
GCF_002156705.1	B1756_RS06610	WP_086887827.1	NZ_CP019893.1	1334593	1338166
GCF_000196895.1	HACJB3_RS12645	WP_008415932.1	NC_014297.1	2412717	2416305
GCF_000300255.2	MMALV_RS01065	WP_015504122.1	NC_020913.1	193196	196808
GCF_002078355.1	fad_RS02720	WP_009887610.1	NZ_CP015363.1	503455	506926
GCF_000011185.1	TVG_RS04340	WP_010917065.1	NC_002689.2	827723	831149
GCF_000021965.1	MPAL_RS03785	WP_012617430.1	NC_011832.1	748993	752434
GCF_000220645.1	GYY_RS07660	WP_013999754.1	NC_015847.1	1462067	1465637
GCF_000299365.1	NKOR_RS03360	WP_014962958.1	NC_018655.1	577462	580987
GCF_000069025.1	OE_RS01335	WP_010902208.1	NC_010364.1	259045	262618
GCF_000011085.1	RR_RS11335	WP_011223756.1	NC_006396.1	1467608	1471196
GCF_000091665.1	MJ_RS08745	WP_010871167.1	NC_000909.1	1623473	1626983
GCF_000025665.1	ABOO_RS06960	WP_008084049.1	NC_013926.1	1319526	1323063
GCF_000152265.2	FACI_RS07845	WP_009887610.1	NC_021592.1	1535257	1538728
GCF_000404225.1	H729_RS07810	WP_020449466.1	NC_021353.1	1639014	1642620
GCF_000026045.1	NP_RS03045	WP_011322335.1	NC_007426.1	593688	597267
GCF_000217715.1	HALXA_RS15715	WP_013881378.1	NC_015666.1	3229502	3233093
GCF_000970165.1	MSMAW_RS01450	WP_048039129.1	NZ_CP009509.1	352603	356131
GCF_000223905.1	HAH_RS15510	WP_014030645.1	NC_015943.1	80578	82288
GCF_000191585.1	METBO_RS12690	WP_013644809.1	NC_015216.1	1220065	1221058
GCF_000303155.1	NGAR_RS08935	WP_015019376.1	NC_018719.1	1480037	1483586
GCF_000970325.1	MCMEM_RS10700	WP_048206090.1	NZ_CP009518.1	2178026	2181551
GCF_001989615.1	BV210_RS05025	WP_077205579.1	NZ_CP019067.1	982975	985462
GCF_000022205.1	HLAC_RS02620	WP_012659764.1	NC_012029.1	547172	550754
GCF_000341715.1	MMTUC01_RS04905	WP_015411513.1	NC_020389.1	1019459	1022987
GCF_000011105.1	PH_RS08485	WP_010885860.1	NC_000961.1	1563058	1566598
GCF_000204415.1	MCON_RS10385	WP_013719925.1	NC_015416.1	2095915	2099431
GCF_001592435.1	A0127_RS00065	WP_062386225.1	NZ_CP014750.1	10004	13571
GCF_000008665.1	AF_RS07850	WP_010879055.1	NC_000917.1	1401596	1405067
GCF_000734035.1	AFULGI_RS08720	WP_048095927.1	NZ_CP006577.1	1561006	1564477
GCF_000025525.1	MFS40622_RS04570	WP_012980509.1	NC_013887.1	913749	917259
GCF_000328665.1	METHO_RS00350	WP_015323534.1	NC_019977.1	73253	76775
GCF_001971705.1	BB347_RS02395	WP_076580160.1	NZ_CP019327.1	489256	492844
GCF_000024625.1	METVU_RS02690	WP_015732626.1	NC_013407.1	515781	519300
GCF_000223905.1	HAH_RS10580	WP_014040901.1	NC_015948.1	2106722	2110310
GCF_000147875.1	MPET_RS03660	WP_013328677.1	NC_014507.1	735490	738931
GCF_002214605.1	A3L04_RS03310	WP_068579205.1	NZ_CP015193.1	609132	612654
GCF_000970085.1	MSSIT_RS19115	WP_048174034.1	NZ_CP009506.1	4558427	4561955
GCF_000196655.1	METEV_RS10655	WP_013195519.1	NC_014253.1	2120465	2123990
GCF_000327485.1	METFOR_RS02665	WP_015284566.1	NC_019943.1	525419	528866
GCF_002355655.1	CPZ01_RS05495	WP_096393805.1	NZ_AP017569.1	1124081	1127666
GCF_000827835.1	SG26_RS01330	WP_050036644.1	NZ_CP010529.1	301129	302839
GCF_000970265.1	MSLAZ_RS15210	WP_048128122.1	NZ_CP009515.1	3648620	3652148
GCF_000585495.1	BD01_RS04380	WP_042690512.1	NZ_CP007264.1	795211	798778
GCF_900012635.1	CHITON_RS10505	WP_068579205.1	NZ_LN999010.1	1904102	1907624
GCF_900198835.1	CS910_RS08825	WP_099211271.1	NZ_LT900021.1	1617972	1621539
GCF_000006805.1	VNG_RS01350	WP_010902208.1	NC_002607.1	268898	272471
GCF_000970225.1	MSMAL_RS01430	WP_011032980.1	NZ_CP009513.1	348874	352402
GCF_000970145.1	MSSAC_RS21165	WP_048185052.1	NZ_CP009508.1	4956089	4959617
GCF_002787055.1	NAQ_RS03705	WP_100182304.1	NZ_CP024808.1	618146	621671
GCF_000025685.1	HVO_RS08015	WP_004044246.1	NC_013967.1	617590	621313
GCF_000306765.2	HFX_RS03145	WP_004057578.1	NC_017941.2	612974	616673
GCF_000970125.1	MSSIH_RS19035	WP_148706020.1	NZ_CP009507.1	4503675	4507203
GCF_000263735.1	PY04_RS09005	WP_014734813.1	NC_017946.1	1674664	1678195
GCF_000023965.1	HMUK_RS14550	WP_015763949.1	NC_013202.1	2885704	2889283
GCF_000970285.1	MSHOH_RS01900	WP_048136886.1	NZ_CP009516.1	450058	453586
GCF_000007065.1	MM_RS05360	WP_011032980.1	NC_003901.1	1203331	1206859
GCF_000237865.1	HQRW_RS01385	WP_014555162.1	NC_017459.1	321903	325500
GCF_000025865.1	MMAH_RS09035	WP_013038247.1	NC_014002.1	1782217	1785739
GCF_900248165.1	NCAV_RS06410	WP_103286809.1	NZ_LT981265.1	1220305	1224187
GCF_000328525.1	HALRU_RS05375	WP_015300387.1	NC_019964.1	1142605	1146178
GCF_000013725.1	MBUR_RS07725	WP_011499550.1	NC_007955.1	1575057	1578582
GCF_000017165.1	MEVAN_RS03615	WP_011972516.1	NC_009634.1	759371	762941
GCF_002844335.1	BVU17_RS10625	WP_101350613.1	NZ_CP019154.1	2088202	2091790
GCF_000970245.1	MSMAC_RS01465	WP_015411513.1	NZ_CP009514.1	357029	360557
GCF_001458655.1	MB9_RS08240	WP_231863049.1	NZ_LN734822.1	1734760	1738651
GCF_000969965.1	MSWHS_RS11085	WP_048129883.1	NZ_CP009503.1	2543464	2546992
GCF_000021965.1	MPAL_RS06885	WP_012618026.1	NC_011832.1	1417204	1419196
GCF_000299395.1	NSED_RS03410	WP_026090049.1	NC_018656.1	554621	558146
GCF_000275605.1	PFC_RS09260	WP_014835559.1	NC_018092.1	1702516	1706050
GCF_000025625.1	NMAG_RS12445	WP_004215212.1	NC_013922.1	2659429	2662999
GCF_000812185.1	T478_RS02665	WP_048104980.1	NZ_CP007026.1	441936	445467
GCF_000827835.1	SG26_RS03480	WP_050036854.1	NZ_CP010529.1	723686	727274
GCF_000970205.1	MSMAS_RS01430	WP_011032980.1	NZ_CP009512.1	347662	351190
GCF_001577775.1	TQ32_RS07785	WP_068323178.1	NZ_CP010835.1	1445362	1448884
GCF_000025505.1	FERP_RS07585	WP_012966015.1	NC_013849.1	1308758	1312259
GCF_000016125.1	MMARC5_RS00930	WP_011867956.1	NC_009135.1	147019	150589
GCF_000281695.1	NJ7G_RS15935	WP_014865458.1	NC_018224.1	3285599	3289172
GCF_000023985.1	MEFER_RS04405	WP_015791423.1	NC_013156.1	817714	821224
GCF_900036045.1	MAB1_RS02825	WP_062262001.1	NZ_LT158599.1	565950	569394
GCF_000172995.2	HBOR_RS12215	WP_006056455.1	NC_014729.1	2418208	2421805
GCF_002214525.1	A3L12_RS06725	WP_088882905.1	NZ_CP015104.1	1242662	1246226
GCF_000470655.1	HTIA_RS12275	WP_008527514.1	NC_021921.1	2486172	2489739
GCF_000015765.1	MLAB_RS05360	WP_011833384.1	NC_008942.1	1018366	1021816
GCF_000011585.1	MMP_RS07190	WP_011171341.1	NC_005791.1	1377735	1381305
GCF_000009185.1	HQ_RS01380	WP_011570554.1	NC_008212.1	351903	355500
GCF_002156965.1	NMSP_RS04935	WP_086907726.1	NZ_CP021324.1	821419	824947
GCF_000195935.2	PAB_RS01900	WP_010867481.1	NC_000868.1	349306	352840
GCF_001989615.1	BV210_RS05465	WP_077205659.1	NZ_CP019067.1	1070643	1074234
GCF_000214415.1	METIG_RS04575	WP_013799067.1	NC_015562.1	922825	926371
GCF_000008265.1	PTO_RS04530	WP_011177657.1	NC_005877.1	872120	875573
GCF_001889405.1	BHR79_RS04680	WP_072561287.1	NZ_CP017921.1	937153	940675
GCF_000970005.1	MSWH1_RS15815	WP_048129883.1	NZ_CP009504.1	3574645	3578173
GCF_001190965.1	ABY42_RS03270	WP_050458712.1	NZ_CP011947.1	607825	611527
GCF_000217995.1	MZHIL_RS10040	WP_013899266.1	NC_015676.1	2107200	2110725
GCF_000152265.2	FACI_RS00065	WP_009886028.1	NC_021592.1	15429	17355
GCF_000018465.1	NMAR_RS03485	WP_238523197.1	NC_010085.1	588272	591734
GCF_000009965.1	TK_RS05005	WP_048053701.1	NC_006624.1	891440	895007
GCF_000875775.1	NPIRD3C_RS07725	WP_148703600.1	NZ_CP010868.1	1275762	1279287
GCF_000769655.1	TEU_RS10155	WP_050003676.1	NZ_CP008887.1	1893843	1897410
GCF_002906215.1	CRG89_RS02625	WP_103286809.1	NZ_CP024014.1	490602	494484
GCF_000739065.1	JH146_RS07450	WP_048202378.1	NZ_CP009149.1	1399965	1403475
GCF_000328665.1	METHO_RS11665	WP_015325739.1	NC_019977.1	2396947	2398768
GCF_000194625.1	ARCVE_RS07490	WP_013684168.1	NC_015320.1	1337716	1339288
GCF_000264495.1	TCELL_RS07350	WP_014737878.1	NC_017954.1	1147190	1148690
GCF_000264495.1	TCELL_RS01575	WP_014736977.1	NC_017954.1	292659	294537
GCF_000148385.1	VDIS_RS06835	WP_013336502.1	NC_014537.1	1321839	1323396
GCF_000092185.1	TAGG_RS06490	WP_013130143.1	NC_014160.1	1200291	1201332
GCF_000015945.1	SMAR_RS05210	WP_011839294.1	NC_009033.1	977778	979638
GCF_000253055.1	TTX_RS06050	WP_014127155.1	NC_016070.1	1101120	1102722
GCF_000024185.1	MRU_RS09670	WP_048812510.1	NC_013790.1	2477544	2479197
GCF_000446015.1	N186_RS02905	WP_020962282.1	NC_022093.1	529831	530809
GCF_001577775.1	TQ32_RS02560	WP_068320699.1	NZ_CP010835.1	468191	469493
GCF_000258425.1	FFONT_RS00455	WP_014557243.1	NC_017461.1	89769	91629
GCF_000993805.1	MA03_RS08405	WP_052884812.1	NZ_CP009961.1	1596487	1598191
GCF_000234805.1	P186_RS04630	WP_014288273.1	NC_016645.1	840274	841870
GCF_000196655.1	METEV_RS09215	WP_013195239.1	NC_014253.1	1851742	1853554
GCF_001412615.1	Pyrde_RS10275	WP_082419631.1	NZ_CP013011.1	2015945	2017382
GCF_000970165.1	MSMAW_RS14685	WP_155395250.1	NZ_CP009509.1	3451943	3454103
GCF_002906215.1	CRG89_RS07545	WP_103287651.1	NZ_CP024014.1	1430150	1431428
GCF_000300255.2	MMALV_RS06340	WP_015505179.1	NC_020913.1	1305557	1307117
GCF_000015805.1	PCAL_RS04040	WP_011849440.1	NC_009073.1	712156	714094
GCF_000813245.1	TCARB_RS07995	WP_020962282.1	NZ_CP007493.1	1482353	1483331
GCF_000025505.1	FERP_RS02955	WP_012965110.1	NC_013849.1	510496	512008
GCF_000019605.1	KCR_RS05205	WP_012309649.1	NC_010482.1	1011496	1013134
GCF_000470655.1	HTIA_RS01070	WP_008525060.1	NC_021921.1	203995	205123
GCF_000993805.1	MA03_RS07980	WP_052884735.1	NZ_CP009961.1	1514632	1515607
GCF_000144915.1	ASAC_RS03900	WP_013266694.1	NC_014374.1	788046	790182
GCF_900079115.1	SSOP1_RS00745	WP_009990378.1	NZ_LT549890.1	128772	130575
GCF_000024185.1	MRU_RS05545	WP_012955905.1	NC_013790.1	1445116	1446625
GCF_001563245.1	YLM1_RS03815	WP_067146471.1	NZ_CP014265.1	919151	920660
GCF_000970205.1	MSMAS_RS14975	WP_155395250.1	NZ_CP009512.1	3506016	3508176
GCF_000013725.1	MBUR_RS11105	WP_011500157.1	NC_007955.1	2255558	2257376
GCF_000303155.1	NGAR_RS12690	WP_015020158.1	NC_018719.1	2104707	2104980
GCF_000148385.1	VDIS_RS00695	WP_013335275.1	NC_014537.1	136441	138532
GCF_000223395.1	PYRFU_RS09485	WP_014027460.1	NC_015931.1	1799213	1801352
GCF_000148385.1	VDIS_RS05700	WP_148678433.1	NC_014537.1	1100111	1101791
GCF_000970245.1	MSMAC_RS08535	WP_015412144.1	NZ_CP009514.1	1971758	1973918
GCF_000024185.1	MRU_RS01660	WP_012955131.1	NC_013790.1	457963	463186
GCF_001647085.1	A7C91_RS01810	WP_068664392.1	NZ_CP015520.1	325009	326302
GCF_000007065.1	MM_RS09685	WP_155395250.1	NC_003901.1	2220665	2222825
GCF_001433455.1	TBCH5v1_RS12440	WP_056934850.1	NZ_CP013050.1	2243994	2244699
GCF_000191585.1	METBO_RS10270	WP_013645648.1	NC_015216.1	2124208	2125744
GCF_000009965.1	TK_RS00435	WP_011249042.1	NC_006624.1	73336	74644
GCF_000016385.1	PARS_RS05595	WP_011900593.1	NC_009376.1	994886	996491
GCF_000213215.1	AHOS_RS02265	WP_013775248.1	NC_015518.1	437876	439697
GCF_000013725.1	MBUR_RS04995	WP_011499060.1	NC_007955.1	1051928	1053602
GCF_000264495.1	TCELL_RS01490	WP_014736960.1	NC_017954.1	273764	274862
GCF_000328665.1	METHO_RS12055	WP_015313786.1	NC_019972.1	54613	57706
GCF_000015145.1	HBUT_RS06765	WP_048061536.1	NC_008818.1	1299119	1300460
GCF_000007005.1	SSO_RS00745	WP_009990378.1	NC_002754.1	127805	129608
GCF_000585495.1	BD01_RS11025	WP_042693049.1	NZ_CP007264.1	1975635	1976337
GCF_000092465.1	SHELL_RS07145	WP_245521845.1	NC_014205.1	1395445	1396804
GCF_000017945.1	IGNI_RS06020	WP_012123311.1	NC_009776.1	1042181	1043987
GCF_001481685.1	EYM_RS01745	WP_075049397.1	NZ_CP006867.1	304598	306392
GCF_000213215.1	AHOS_RS05170	WP_013775804.1	NC_015518.1	903691	904417
GCF_000970325.1	MCMEM_RS07850	WP_048205606.1	NZ_CP009518.1	1609355	1611056
GCF_000217995.1	MZHIL_RS03890	WP_013898067.1	NC_015676.1	836881	838522
GCF_000970225.1	MSMAL_RS12385	WP_155395250.1	NZ_CP009513.1	2889578	2891738
GCF_000970325.1	MCMEM_RS01775	WP_048204601.1	NZ_CP009518.1	359670	361503
GCF_002906215.1	CRG89_RS01060	WP_103286543.1	NZ_CP024014.1	199185	200670
GCF_000018305.1	CMAQ_RS03285	WP_012185705.1	NC_009954.1	681443	683504
GCF_000341715.1	MMTUC01_RS09020	WP_015412144.1	NC_020389.1	1923833	1925993
GCF_000816105.1	X802_RS00920	WP_062370197.1	NZ_CP007140.1	165264	166566
GCF_000148385.1	VDIS_RS05080	WP_013336144.1	NC_014537.1	984122	986228
GCF_000769655.1	TEU_RS07415	WP_050003174.1	NZ_CP008887.1	1363898	1364600
GCF_000025865.1	MMAH_RS03250	WP_013037114.1	NC_014002.1	673085	674720
GCF_000253055.1	TTX_RS05800	WP_014127102.1	NC_016070.1	1048799	1050461
GCF_000970045.1	MSMTP_RS14905	WP_048181014.1	NZ_CP009505.1	3549671	3551702
GCF_000009965.1	TK_RS06735	WP_011250307.1	NC_006624.1	1190521	1191223
GCF_000265525.1	CL1_RS02705	WP_014788373.1	NC_018015.1	486093	486795
GCF_000022365.1	TGAM_RS03380	WP_015858282.1	NC_012804.1	632269	633571
GCF_900248165.1	NCAV_RS07995	WP_103286543.1	NZ_LT981265.1	1513696	1515181
GCF_001886955.1	HSR6_RS10285	WP_071933550.1	NZ_CP016804.1	1998659	2000471
GCF_000009965.1	TK_RS02975	WP_011249556.1	NC_006624.1	515549	516851
GCF_900036045.1	MAB1_RS06975	WP_062263631.1	NZ_LT158599.1	1423746	1425498
GCF_001412615.1	Pyrde_RS05270	WP_156328015.1	NZ_CP013011.1	1026453	1028328
GCF_000304355.2	BN140_RS06890	WP_014867283.1	NC_018227.2	1420296	1422549
GCF_001889405.1	BHR79_RS00135	WP_072560148.1	NZ_CP017921.1	26750	28385
GCF_000970185.1	MSMAP_RS14415	WP_230628099.1	NZ_CP009511.1	3409108	3411268
GCF_000970325.1	MCMEM_RS11775	WP_156146036.1	NZ_CP009518.1	1268971	1272157
