GCF_000337575.1	C483_RS03120	WP_006651895.1	NZ_AOIM01000012.1	15553	16642
GCF_000025625.1	NMAG_RS03005	WP_004216380.1	NC_013922.1	634781	635870
GCF_001971705.1	BB347_RS06815	WP_076582214.1	NZ_CP019327.1	1382821	1383913
GCF_001593955.1	HAPAU_RS12195	WP_066382987.1	NZ_LTAZ01000005.1	515385	516477
GCF_000337215.1	C493_RS02610	WP_007257843.1	NZ_AOHZ01000014.1	26029	29620
GCF_000337215.1	C493_RS06465	WP_241430880.1	NZ_AOHZ01000034.1	28354	29620
GCF_002761295.1	BKM01_RS07555	WP_072359231.1	NZ_CP017881.1	1462632	1463736
GCF_000263735.1	PY04_RS07625	WP_014734548.1	NC_017946.1	1445245	1446394
GCF_001485535.1	AVZ66_RS04645	WP_058982273.1	NZ_BCMZ01000001.1	892136	893246
GCF_002252805.1	DJ80_RS14390	WP_049929589.1	NZ_NHOZ01000133.1	99651	100737
GCF_000234805.1	P186_RS02105	WP_014287734.1	NC_016645.1	391277	392381
GCF_900003565.1	CHX38_RS09735	WP_059056476.1	NZ_CEMP01000001.1	1816847	1817957
GCF_000336835.1	C459_RS06255	WP_008574357.1	NZ_AOLE01000017.1	153544	154645
GCF_001560405.1	ATZ06_RS06810	WP_011278152.1	NZ_LPRZ01000010.1	9694	10855
GCF_000221185.1	GQS_RS01035	WP_014011802.1	NC_015865.1	219573	220734
GCF_000337615.1	C487_RS13260	WP_006186301.1	NZ_AOII01000083.1	2431	6004
GCF_000337535.1	C480_RS05020	WP_006664537.1	NZ_AOIP01000015.1	203973	207564
GCF_000337455.1	C475_RS20510	WP_006885825.1	NZ_AOIU01000047.1	59158	62821
GCF_000092465.1	SHELL_RS07275	WP_052833681.1	NC_014205.1	1416157	1417477
GCF_000970065.1	MSBR2_RS03910	WP_048117747.1	NZ_CP009530.1	962735	963845
GCF_001481295.1	AUQ37_RS08685	WP_058748261.1	NZ_LOPS01000049.1	33520	34609
GCF_000513855.1	SPHMEL_RS06865	WP_042667850.1	NZ_KI911318.1	1279297	1280599
GCF_000979455.1	EO98_RS07710	WP_048137423.1	NZ_JJOY01000028.1	91277	92387
GCF_001560595.1	ATZ15_RS02805	WP_011278152.1	NZ_LPSI01000001.1	536915	538076
GCF_002494345.1	CP557_RS10890	WP_097379930.1	NZ_NXNI01000001.1	2179762	2180854
GCF_000304355.2	BN140_RS04800	WP_014866851.1	NC_018227.2	1002550	1005271
GCF_000723845.1	BN984_RS14330	WP_004976866.1	NZ_LK053000.1	2841678	2842779
GCF_000011205.1	STK_RS07145	WP_010979317.1	NC_003106.2	1295003	1296167
GCF_000217995.1	MZHIL_RS10040	WP_013899266.1	NC_015676.1	2107200	2110725
GCF_000336935.1	C450_RS01395	WP_005039089.1	NZ_AOME01000013.1	3863	7430
GCF_002252815.1	DJ79_RS05610	WP_049929589.1	NZ_NHPA01000032.1	75933	77019
GCF_000336715.1	C451_RS15850	WP_007742119.1	NZ_AOMF01000168.1	1313	2414
GCF_001592435.1	A0127_RS01100	WP_062386839.1	NZ_CP014750.1	217945	219103
GCF_000015805.1	PCAL_RS05015	WP_011849626.1	NC_009073.1	891428	892532
GCF_000189555.1	SIRE_RS05655	WP_014512596.1	NC_017276.1	1073402	1074572
GCF_000337035.1	C464_RS02460	WP_006111918.1	NZ_AOJL01000013.1	50013	53595
GCF_000337795.1	C438_RS13965	WP_004970139.1	NZ_AOLP01000017.1	52032	55728
GCF_002153915.1	AMET1_RS01630	WP_161490712.1	NZ_MRZU01000003.1	92012	95549
GCF_000979015.1	DU63_RS01365	WP_048038739.1	NZ_JJPO01000016.1	46453	47563
GCF_900196725.1	MNV_RS08765	WP_096205296.1	NZ_FZMP01000117.1	2206	3409
GCF_000979175.1	DU50_RS01315	WP_011034342.1	NZ_JJQH01000015.1	24138	25248
GCF_000685635.1	BM92_RS00925	WP_004056801.1	NZ_CP007551.1	194186	195287
GCF_000784335.1	LT39_RS02895	WP_049988979.1	NZ_JROF01000003.1	51652	55243
GCF_001548675.1	TL18_RS09035	WP_067044513.1	NZ_CP010834.1	1948395	1949490
GCF_900100335.1	BLT08_RS05460	WP_090303733.1	NZ_FNFE01000001.1	1153907	1154999
GCF_002287175.1	ASJ80_RS09695	WP_048080564.1	NZ_LMVM01000023.1	233615	234668
GCF_001560375.1	ATZ04_RS08310	WP_011278152.1	NZ_LPRX01000004.1	9756	10917
GCF_000018465.1	NMAR_RS03485	WP_238523197.1	NC_010085.1	588272	591734
GCF_000711215.1	T502_RS00030	WP_042705076.1	NZ_JOMF01000004.1	3079	6520
GCF_000980155.1	DU81_RS04660	WP_015411513.1	NZ_JJRA01000042.1	11187	14715
GCF_000007185.1	MK_RS02735	WP_011018882.1	NC_003551.1	476374	477415
GCF_000979255.1	DU77_RS17185	WP_011034342.1	NZ_JJQS01000153.1	24179	25289
GCF_001484195.1	APY94_RS03250	WP_058938271.1	NZ_LLYW01000010.1	4105	5266
GCF_001484195.1	APY94_RS04460	WP_058938494.1	NZ_LLYW01000015.1	4084	5266
GCF_001006045.1	GAH_RS02250	WP_048094495.1	NZ_CP011267.1	388656	389742
GCF_000979495.1	DU52_RS00830	WP_011034342.1	NZ_JJPA01000016.1	27934	29044
GCF_002214165.1	Mia14_RS02830	WP_088820156.1	NZ_CP019964.1	531611	532724
GCF_000824705.1	BN1102_RS04165	WP_004032979.1	NZ_CCXV01000015.1	38107	39208
GCF_002906215.1	CRG89_RS02625	WP_103286809.1	NZ_CP024014.1	490602	494484
GCF_000979845.1	DU48_RS03895	WP_048038524.1	NZ_JJQB01000029.1	135943	137023
GCF_900109595.1	BMX72_RS01690	WP_069575267.1	NZ_FOAK01000001.1	328572	329667
GCF_000308215.1	WYS_RS07710	WP_019177592.1	NZ_CAJE01000013.1	166494	167598
GCF_002156705.1	B1756_RS16370	WP_086889521.1	NZ_CP019893.1	3387653	3388745
GCF_000147875.1	MPET_RS03660	WP_013328677.1	NC_014507.1	735490	738931
GCF_000263735.1	PY04_RS09005	WP_014734813.1	NC_017946.1	1674664	1678195
GCF_002252745.1	DJ82_RS05505	WP_094557831.1	NZ_NHOX01000024.1	16578	17664
GCF_000455345.1	TX79_RS03890	WP_049925839.1	NZ_HG315690.1	785137	786229
GCF_000969885.1	MSTHT_RS04715	WP_048166782.1	NZ_CP009501.1	1116376	1117486
GCF_000517625.1	HALLA_RS08220	WP_049952896.1	NZ_CP007055.1	1616899	1617991
GCF_002252585.1	CJF54_RS03210	WP_019264851.1	NZ_NQLD01000006.1	103912	105013
GCF_000979015.1	DU63_RS08680	WP_048038524.1	NZ_JJPO01000090.1	4759	5839
GCF_002252925.1	DJ74_RS17705	WP_094528133.1	NZ_NHPF01000157.1	6700	10288
GCF_900036045.1	MAB1_RS04150	WP_062262474.1	NZ_LT158599.1	852294	853383
GCF_000092185.1	TAGG_RS03900	WP_013129652.1	NC_014160.1	747426	748731
GCF_000337275.1	C436_RS10740	WP_004962323.1	NZ_AOLR01000019.1	10029	11136
GCF_000364745.1	SIL_RS05555	WP_014512596.1	NC_021058.1	1065552	1066722
GCF_000015825.1	MEMAR_RS07770	WP_011844427.1	NC_009051.1	1592243	1593332
GCF_001462395.1	CF15_RS03605	WP_058370574.1	NZ_LNTB01000001.1	653124	654294
GCF_900106905.1	BLV44_RS07120	WP_072561287.1	NZ_FNMU01000004.1	131459	134981
GCF_000341715.1	MMTUC01_RS11470	WP_015412532.1	NC_020389.1	2453696	2454806
GCF_002214605.1	A3L04_RS03310	WP_068579205.1	NZ_CP015193.1	609132	612654
GCF_001560245.1	ATY98_RS11450	WP_011278152.1	NZ_LPRR01000005.1	44427	45588
GCF_000013445.1	MHUN_RS15265	WP_083758487.1	NC_007796.1	3194718	3195819
GCF_001280425.1	AMS69_RS18220	WP_053969460.1	NZ_LIUF01000009.1	46607	47714
GCF_900110465.1	BSG17_RS12810	WP_089824655.1	NZ_FODV01000005.1	365995	367090
GCF_000025325.1	HTUR_RS11280	WP_012943449.1	NC_013743.1	2356151	2357246
GCF_900188075.1	CHB78_RS01380	WP_049929589.1	NZ_FZNK01000001.1	283326	284412
GCF_000739595.1	ACP96_RS09895	WP_050024122.1	NZ_BBJP01000028.1	5640	6726
GCF_001477655.1	SM9_RS09455	WP_058739903.1	NZ_CP011266.1	2106381	2107479
GCF_000019805.1	TNEU_RS07015	WP_012350736.1	NC_010525.1	1237035	1238139
GCF_000025285.1	ARCPR_RS05170	WP_012940427.1	NC_013741.1	865566	866640
GCF_000337455.1	C475_RS12195	WP_006884142.1	NZ_AOIU01000029.1	26711	27803
GCF_900115785.1	BM282_RS16910	WP_089883240.1	NZ_FOYS01000007.1	30712	31807
GCF_000025865.1	MMAH_RS09035	WP_013038247.1	NC_014002.1	1782217	1785739
GCF_000363885.1	J422_RS02500	WP_004590565.1	NZ_APMM01000017.1	9951	11061
GCF_000591055.1	NMLP_RS06615	WP_015409352.1	NC_020388.1	1325181	1326294
GCF_000979675.1	DU46_RS00405	WP_015411513.1	NZ_JJPN01000005.1	11189	14717
GCF_002156965.1	NMSP_RS01650	WP_086907162.1	NZ_CP021324.1	286328	287453
GCF_000978965.1	DU33_RS14465	WP_048038524.1	NZ_JJPI01000135.1	4759	5839
GCF_000337135.1	C482_RS07915	WP_006167012.1	NZ_AOIN01000046.1	104351	105440
GCF_001481295.1	AUQ37_RS02950	WP_058747341.1	NZ_LOPS01000014.1	33774	36462
GCF_000979585.1	DU36_RS01190	WP_048038739.1	NZ_JJPH01000012.1	28868	29978
GCF_000328925.1	NAR_RS0101255	WP_014963792.1	NZ_AJVJ01000008.1	8287	9400
GCF_000769655.1	TEU_RS10300	WP_050003702.1	NZ_CP008887.1	1922964	1924125
GCF_900111645.1	BMX02_RS02180	WP_091688658.1	NZ_FOHQ01000001.1	410311	411433
GCF_000711215.1	T502_RS03500	WP_042705720.1	NZ_JOMF01000005.1	244926	247704
GCF_000015205.1	PISL_RS04435	WP_011762613.1	NC_008701.1	771981	773085
GCF_000784355.1	METPAY_RS01515	WP_245611494.1	NZ_AXDV01000036.1	21251	22340
GCF_000744315.1	M886_RS15300	WP_048038524.1	NZ_JQLR01000001.1	3571981	3573061
GCF_000979915.1	DU54_RS03055	WP_015411513.1	NZ_JJQG01000038.1	68126	71654
GCF_001560715.1	ATZ22_RS07540	WP_011278152.1	NZ_LPSO01000003.1	9689	10850
GCF_000812185.1	T478_RS02665	WP_048104980.1	NZ_CP007026.1	441936	445467
GCF_000341715.1	MMTUC01_RS04905	WP_015411513.1	NC_020389.1	1019459	1022987
GCF_000765475.1	LI82_RS08925	WP_048195130.1	NZ_JRHO01000014.1	353547	354669
GCF_000337495.1	C477_RS12260	WP_008894815.1	NZ_AOIS01000037.1	331740	332832
GCF_000784335.1	LT39_RS13150	WP_206539063.1	NZ_JROF01000021.1	55432	57088
GCF_000875775.1	NPIRD3C_RS09850	WP_148703974.1	NZ_CP010868.1	1629662	1630775
GCF_002252755.1	DJ81_RS01280	WP_094526813.1	NZ_NHOY01000007.1	44316	45402
GCF_000337915.1	C471_RS00860	WP_004045863.1	NZ_AOJE01000005.1	165461	166547
GCF_900198835.1	CS910_RS08665	WP_099211210.1	NZ_LT900021.1	1590920	1592081
GCF_900109425.1	BMY34_RS03145	WP_055429329.1	NZ_FOIW01000001.1	545438	546599
GCF_000337375.1	C469_RS02125	WP_008003438.1	NZ_AOJG01000006.1	86095	87181
GCF_000455365.1	TX80_RS00825	WP_049920951.1	NZ_HG315684.1	151329	152421
GCF_900188065.1	CHB65_RS00825	WP_089383149.1	NZ_FZNQ01000001.1	165729	166815
GCF_000195915.1	TA_RS04050	WP_010901200.1	NC_002578.1	832258	835681
GCF_001563245.1	YLM1_RS06650	WP_067147531.1	NZ_CP014265.1	1589129	1590233
GCF_002813675.1	BK008_RS07500	WP_100904828.1	NZ_CP017767.1	1523808	1524864
GCF_000021965.1	MPAL_RS06885	WP_012618026.1	NC_011832.1	1417204	1419196
GCF_000303155.1	NGAR_RS08935	WP_015019376.1	NC_018719.1	1480037	1483586
GCF_002214505.1	A3L11_RS08735	WP_088856539.1	NZ_CP015103.1	1630056	1631217
GCF_000970285.1	MSHOH_RS01900	WP_048136886.1	NZ_CP009516.1	450058	453586
GCF_000979105.1	DU44_RS16495	WP_048038524.1	NZ_JJQA01000117.1	251228	252308
GCF_001560835.1	ATZ28_RS03310	WP_011278152.1	NZ_LPSU01000002.1	9746	10907
GCF_000022405.1	M1425_RS06180	WP_012711262.1	NC_012588.1	1192127	1193297
GCF_900104065.1	BLR35_RS06330	WP_090378965.1	NZ_FNLC01000001.1	1253378	1254470
GCF_000299365.1	NKOR_RS07695	WP_014963792.1	NC_018655.1	1292132	1293245
GCF_001266675.1	MsedB_RS08935	WP_012021697.1	NZ_CP012173.1	1691583	1692744
GCF_000979205.1	DU75_RS14730	WP_015411513.1	NZ_JJQO01000304.1	67946	71474
GCF_000237865.1	HQRW_RS08820	WP_011571881.1	NC_017459.1	2008871	2009966
GCF_000217715.1	HALXA_RS10080	WP_013880245.1	NC_015666.1	2065449	2066541
GCF_000189575.1	SIH_RS06380	WP_014512596.1	NC_017275.1	1209006	1210176
GCF_001560565.1	ATZ14_RS07135	WP_011278152.1	NZ_LPSH01000011.1	9722	10883
GCF_000979205.1	DU75_RS16320	WP_011034342.1	NZ_JJQO01000331.1	25676	26786
GCF_000979265.1	DU80_RS08275	WP_048038739.1	NZ_JJQU01000112.1	5973	7083
GCF_000336615.1	C442_RS17360	WP_008312753.1	NZ_AOLW01000047.1	162169	165763
GCF_000816105.1	X802_RS10545	WP_062373965.1	NZ_CP007140.1	1917747	1918908
GCF_000979195.1	DU76_RS05525	WP_015411513.1	NZ_JJQM01000057.1	72765	76293
GCF_000337235.1	C496_RS19900	WP_006092185.1	NZ_AOHW01000046.1	50486	54077
GCF_900005775.1	CHX58_RS11870	WP_059056476.1	NZ_CEMR01000002.1	740184	741294
GCF_000978955.1	DU34_RS11050	WP_015411513.1	NZ_JJOU01000149.1	9693	13221
GCF_001625445.1	A4G99_RS17600	WP_066146528.1	NZ_LWHG01000028.1	503738	504830
GCF_900112175.1	BM310_RS18335	WP_089810523.1	NZ_FOYT01000005.1	33346	34441
GCF_000337335.1	C466_RS17170	WP_004595827.1	NZ_AOJN01000051.1	39306	40392
GCF_000328925.1	NAR_RS0118315	WP_014965708.1	NZ_AJVJ01000050.1	38650	39772
GCF_002355655.1	CPZ01_RS05495	WP_096393805.1	NZ_AP017569.1	1124081	1127666
GCF_000979845.1	DU48_RS07360	WP_048038739.1	NZ_JJQB01000057.1	34388	35498
GCF_900110455.1	BMY29_RS03790	WP_049989296.1	NZ_FOIS01000001.1	815056	816148
GCF_000022545.1	TSIB_RS05380	WP_015849377.1	NC_012883.1	1004162	1005308
GCF_000746075.1	EI99_RS02595	WP_048080564.1	NZ_JQKN01000001.1	503949	505002
GCF_002813085.1	BK798_RS06925	WP_004032979.1	NZ_CP017803.1	1381682	1382783
GCF_900215575.1	CRO01_RS10265	WP_097009030.1	NZ_OBEJ01000002.1	672105	675690
GCF_000979045.1	DU56_RS03285	WP_048038524.1	NZ_JJPW01000022.1	38775	39855
GCF_000337355.1	C468_RS14620	WP_008849676.1	NZ_AOJH01000089.1	34466	35552
GCF_000026045.1	NP_RS08600	WP_011323451.1	NC_007426.1	1678338	1679445
GCF_000327485.1	METFOR_RS06410	WP_015285299.1	NC_019943.1	1252056	1253151
GCF_000470655.1	HTIA_RS00750	WP_008523856.1	NC_021921.1	142180	143293
GCF_000303155.1	NGAR_RS13970	WP_015020431.1	NC_018719.1	2328995	2330102
GCF_000151245.1	METSMIALI_RS04235	WP_004032979.1	NZ_DS996911.1	839662	840763
GCF_000979675.1	DU46_RS10940	WP_048038739.1	NZ_JJPN01000109.1	37647	38757
GCF_900079115.1	SSOP1_RS04965	WP_009992416.1	NZ_LT549890.1	847620	848790
GCF_000009965.1	TK_RS05005	WP_048053701.1	NC_006624.1	891440	895007
GCF_000022205.1	HLAC_RS06515	WP_015910049.1	NC_012029.1	1327986	1329072
GCF_900113245.1	BM167_RS03115	WP_092888568.1	NZ_FOOQ01000001.1	579504	583158
GCF_900109695.1	BMX47_RS15410	WP_074795519.1	NZ_FOAD01000007.1	183732	184833
GCF_000755245.1	ACP97_RS08595	WP_049997426.1	NZ_BBMP01000021.1	57284	58385
GCF_000190315.1	VMUT_RS02250	WP_013603804.1	NC_015151.1	416824	417934
GCF_000723185.1	NITUZ_RS03005	WP_048195154.1	NZ_CBTY010000008.1	87354	90879
GCF_000979895.1	DU37_RS01450	WP_048038524.1	NZ_JJQF01000020.1	274	1354
GCF_000979895.1	DU37_RS06330	WP_235271145.1	NZ_JJQF01000057.1	67	1354
GCF_001577775.1	TQ32_RS07785	WP_068323178.1	NZ_CP010835.1	1445362	1448884
GCF_001953745.1	A6E15_RS06455	WP_076144862.1	NZ_LWLN01000001.1	1274419	1275511
GCF_000685155.1	ANME2D_RS06870	WP_048090055.1	NZ_JMIY01000003.1	57764	58961
GCF_000022485.1	YN1551_RS07860	WP_012717516.1	NC_012623.1	1402668	1403838
GCF_900104065.1	BLR35_RS03445	WP_090377406.1	NZ_FNLC01000001.1	663622	667207
GCF_900103505.1	BLT27_RS08195	WP_089732724.1	NZ_FNIA01000007.1	168908	170000
GCF_002252725.1	DJ83_RS04595	WP_049929589.1	NZ_NHOW01000052.1	34178	35264
GCF_001560165.1	ATY94_RS06080	WP_011278152.1	NZ_LPRN01000006.1	9580	10741
GCF_000006805.1	VNG_RS03460	WP_010902622.1	NC_002607.1	668444	669545
GCF_002077075.2	B7L68_RS04420	WP_081246479.1	NZ_LCWM02000015.1	20965	22069
GCF_900069765.1	BN3992_RS04705	WP_010878440.1	NZ_FJNF01000121.1	7178	8261
GCF_000328665.1	METHO_RS03195	WP_015324080.1	NC_019977.1	667475	668585
GCF_000018365.1	TON_RS03925	WP_012571723.1	NC_011529.1	709779	710940
GCF_002855455.1	CYV19_RS17210	WP_005580242.1	NZ_PKKI01000076.1	16110	17202
GCF_000337795.1	C438_RS15865	WP_004970680.1	NZ_AOLP01000018.1	163697	164798
GCF_000383975.1	NATTI_RS0118610	WP_006088361.1	NZ_KB913017.1	3621409	3622501
GCF_000275605.1	PFC_RS07015	WP_011012724.1	NC_018092.1	1272329	1273478
GCF_000069025.1	OE_RS01335	WP_010902208.1	NC_010364.1	259045	262618
GCF_000970005.1	MSWH1_RS11385	WP_048128628.1	NZ_CP009504.1	2600255	2601365
GCF_900100385.1	BLR34_RS12050	WP_092703361.1	NZ_FNFC01000011.1	88373	89465
GCF_000007225.1	PAE_RS07360	WP_011008505.1	NC_003364.1	1311402	1312506
GCF_000970085.1	MSSIT_RS19115	WP_048174034.1	NZ_CP009506.1	4558427	4561955
GCF_000215995.1	PYCH_RS01675	WP_013905099.1	NC_015680.1	283300	284449
GCF_002252985.1	DJ70_RS04395	WP_094530552.1	NZ_NHPJ01000049.1	14651	15158
GCF_002252985.1	DJ70_RS14315	WP_094534152.1	NZ_NHPJ01000127.1	14072	15158
GCF_000337495.1	C477_RS21015	WP_008896586.1	NZ_AOIS01000067.1	36378	39969
GCF_000827835.1	SG26_RS01330	WP_050036644.1	NZ_CP010529.1	301129	302839
GCF_000979855.1	DU65_RS02755	WP_048038739.1	NZ_JJQC01000027.1	8239	9349
GCF_001462205.1	AN233_RS05590	WP_058365845.1	NZ_LKIR01000089.1	21333	22422
GCF_001560275.1	ATY99_RS08095	WP_011278152.1	NZ_LPRS01000006.1	9689	10850
GCF_000979895.1	DU37_RS02145	WP_015411513.1	NZ_JJQF01000026.1	9693	13221
GCF_000214415.1	METIG_RS04575	WP_013799067.1	NC_015562.1	922825	926371
GCF_000685395.1	NKMY2_RS05795	WP_042685956.1	NZ_AVSQ01000015.1	165134	168659
GCF_002727095.1	Z052_RS16150	WP_089308002.1	NZ_NHNZ01000177.1	1170	4752
GCF_000151105.2	TERMP_RS02475	WP_013466773.1	NC_014804.1	412198	413344
GCF_000337815.1	C440_RS00800	WP_008317312.1	NZ_AOLN01000001.1	171426	172527
GCF_001560605.1	ATZ16_RS10155	WP_011278152.1	NZ_LPSJ01000005.1	116118	117279
GCF_000470655.1	HTIA_RS12275	WP_008527514.1	NC_021921.1	2486172	2489739
GCF_001560645.1	ATZ18_RS06560	WP_011278152.1	NZ_LPSL01000008.1	9756	10917
GCF_000334895.1	TX76_RS04000	WP_049899327.1	NZ_BAFM01000003.1	203363	204467
GCF_000012545.1	MSP_RS05425	WP_011406677.1	NC_007681.1	1240298	1243007
GCF_000723185.1	NITUZ_RS06445	WP_048196493.1	NZ_CBTY010000009.1	220411	221518
GCF_000025505.1	FERP_RS01755	WP_012964874.1	NC_013849.1	303157	304240
GCF_000979825.1	DU62_RS10020	WP_048038739.1	NZ_JJPZ01000110.1	28136	29246
GCF_000336755.1	C453_RS10075	WP_008324308.1	NZ_AOLK01000016.1	9982	11083
GCF_000214725.1	MSWAN_RS01420	WP_013824827.1	NC_015574.1	315858	316917
GCF_000980075.1	DU88_RS04935	WP_015411513.1	NZ_JJQW01000031.1	11084	14612
GCF_000328685.1	NATOC_RS16365	WP_015322591.1	NC_019974.1	3353607	3354699
GCF_000337755.1	C435_RS02635	WP_004962323.1	NZ_AOLS01000015.1	9883	10990
GCF_900114435.1	BM337_RS12645	WP_089816954.1	NZ_FOZK01000002.1	1106501	1110095
GCF_000979735.1	DU61_RS01945	WP_048038524.1	NZ_JJPQ01000014.1	41598	42678
GCF_002072215.1	MBBAR_RS06265	WP_080460449.1	NZ_JXMW01000010.1	88086	89169
GCF_000970245.1	MSMAC_RS13290	WP_048038524.1	NZ_CP009514.1	3080888	3081968
GCF_001488575.1	HHUB_RS04910	WP_059056476.1	NZ_LN831302.1	949757	950867
GCF_000265525.1	CL1_RS09880	WP_014789743.1	NC_018015.1	1829551	1830712
GCF_000403645.1	L593_RS02250	WP_020445293.1	NC_021313.1	460971	464544
GCF_000970325.1	MCMEM_RS08850	WP_048205781.1	NZ_CP009518.1	1812909	1814031
GCF_000015945.1	SMAR_RS05080	WP_011839270.1	NC_009033.1	957187	958492
GCF_000979335.1	DU31_RS08060	WP_015411513.1	NZ_JJOR01000084.1	50682	54210
GCF_000015145.1	HBUT_RS05030	WP_011822127.1	NC_008818.1	970926	972090
GCF_000196655.1	METEV_RS06935	WP_013194815.1	NC_014253.1	1386163	1387276
GCF_000016125.1	MMARC5_RS00725	WP_011867918.1	NC_009135.1	119357	120455
GCF_000529525.1	TY05_RS00930	WP_042691547.1	NZ_HG796199.1	180858	181956
GCF_002156705.1	B1756_RS06610	WP_086887827.1	NZ_CP019893.1	1334593	1338166
GCF_900114585.1	BM020_RS01220	WP_067147531.1	NZ_FOTL01000002.1	132502	133606
GCF_000685155.1	ANME2D_RS07215	WP_048090115.1	NZ_JMIY01000003.1	123142	124246
GCF_000337055.1	C465_RS00210	WP_004595184.1	NZ_AOJM01000002.1	44707	48292
GCF_000337395.1	C470_RS01900	WP_004595827.1	NZ_AOJF01000022.1	81978	83064
GCF_000337235.1	C496_RS03185	WP_006088361.1	NZ_AOHW01000007.1	23810	24902
GCF_000383975.1	NATTI_RS0102800	WP_006092185.1	NZ_KB913017.1	529595	533186
GCF_000337395.1	C470_RS06195	WP_008365988.1	NZ_AOJF01000031.1	20197	23782
GCF_000008645.1	MTH_RS04765	WP_010876639.1	NC_000916.1	921389	922451
GCF_000018465.1	NMAR_RS07535	WP_012215790.1	NC_010085.1	1287345	1288458
GCF_001481685.1	EYM_RS06490	WP_217221076.1	NZ_CP006867.1	1166180	1167326
GCF_000337735.1	C495_RS01425	WP_008159325.1	NZ_AOHX01000025.1	54022	55114
GCF_000979755.1	DU69_RS07205	WP_048038524.1	NZ_JJPT01000060.1	4759	5839
GCF_001560455.1	ATZ08_RS06095	WP_011278152.1	NZ_LPSB01000009.1	9727	10888
GCF_000979425.1	EO94_RS01580	WP_048137423.1	NZ_JJOX01000016.1	59359	60469
GCF_000980055.1	DU86_RS16525	WP_011034342.1	NZ_JJQR01000171.1	25596	26706
GCF_001315945.1	JCM10550_RS02860	WP_062396826.1	NZ_BBBG01000002.1	119949	120387
GCF_000091665.1	MJ_RS08745	WP_010871167.1	NC_000909.1	1623473	1626983
GCF_000340315.1	SACN8_RS06275	WP_011278152.1	NC_020246.1	1117751	1118912
GCF_000969925.1	MSTHC_RS12515	WP_048166782.1	NZ_CP009502.1	2921451	2922561
GCF_000204925.1	MCUP_RS02420	WP_013737079.1	NC_015435.1	427545	428706
GCF_000685155.1	ANME2D_RS06855	WP_048090052.1	NZ_JMIY01000003.1	52407	53844
GCF_002215305.1	BJD24_RS07920	WP_015910049.1	NZ_MKFG01000004.1	131586	132672
GCF_900108505.1	BLW38_RS12510	WP_092817553.1	NZ_FNWU01000011.1	25544	26633
GCF_900114455.1	BM083_RS20980	WP_009365579.1	NZ_FOTC01000009.1	51987	53082
GCF_002214545.1	A3L14_RS06580	WP_055429329.1	NZ_CP015105.1	1197463	1198624
GCF_900114835.1	BM008_RS09640	WP_091936441.1	NZ_FOUJ01000004.1	44566	48091
GCF_000755225.1	ACP98_RS16470	WP_049995566.1	NZ_BBMO01000003.1	206667	207771
GCF_001748385.1	BJI50_RS08675	WP_069807996.1	NZ_BCLI01000005.1	203529	204639
GCF_000148385.1	VDIS_RS09955	WP_013337118.1	NC_014537.1	1905649	1906759
GCF_002727125.1	DJ69_RS12545	WP_099255917.1	NZ_NHOA01000110.1	16711	20293
GCF_002214565.1	A3L10_RS02025	WP_088866171.1	NZ_CP015106.1	364348	365506
GCF_002215285.1	CF318_RS02200	WP_015910049.1	NZ_MJCD01000002.1	104101	105187
GCF_000092305.1	METIN_RS07180	WP_013100813.1	NC_014122.1	1277374	1278484
GCF_000023985.1	MEFER_RS07345	WP_015791987.1	NC_013156.1	1362246	1363356
GCF_001316305.1	JCM10043_RS17525	WP_054865126.1	NZ_BBEF01000111.1	10785	11880
GCF_002906575.1	C2R22_RS09580	WP_103425555.1	NZ_CP026309.1	1944069	1945167
GCF_900110865.1	BMX07_RS20460	WP_090621671.1	NZ_FOFD01000007.1	106795	110368
GCF_000739575.1	ACP99_RS05785	WP_049985686.1	NZ_BBJO01000011.1	5540	6635
GCF_001560355.1	ATZ03_RS00070	WP_011278152.1	NZ_LPRW01000001.1	9756	10917
GCF_000336855.1	C460_RS09025	WP_008579588.1	NZ_AOLD01000030.1	<0	3087
GCF_000691865.1	EI28_RS01460	WP_048112068.1	NZ_JMIO01000007.1	8788	9877
GCF_000337815.1	C440_RS16025	WP_008321705.1	NZ_AOLN01000018.1	656576	660287
GCF_000299395.1	NSED_RS07760	WP_014965708.1	NC_018656.1	1300825	1301947
GCF_001458655.1	MB9_RS02015	WP_048086111.1	NZ_LN734822.1	424245	425301
GCF_000336955.1	C455_RS17330	WP_007545060.1	NZ_AOLI01000031.1	78631	82330
GCF_000404225.1	H729_RS06775	WP_020449268.1	NC_021353.1	1420116	1421217
GCF_000306765.2	HFX_RS07975	WP_004056801.1	NC_017941.2	1550321	1551422
GCF_000979995.1	DU74_RS05440	WP_011034342.1	NZ_JJQN01000066.1	11829	12939
GCF_000007065.1	MM_RS12535	WP_011034342.1	NC_003901.1	2879205	2880315
GCF_000011585.1	MMP_RS07395	WP_013999773.1	NC_005791.1	1407875	1408973
GCF_900100715.1	BLP52_RS08580	WP_091710073.1	NZ_FNCA01000005.1	82810	83425
GCF_000011585.1	MMP_RS07190	WP_011171341.1	NC_005791.1	1377735	1381305
GCF_900167955.1	C0Q33_RS00605	WP_101476658.1	NZ_FUYK01000001.1	113546	114650
GCF_000223395.1	PYRFU_RS06325	WP_014026829.1	NC_015931.1	1196543	1197710
GCF_001647085.1	A7C91_RS10010	WP_068667122.1	NZ_CP015520.1	1826266	1827427
GCF_000025685.1	HVO_RS12240	WP_004041449.1	NC_013967.1	1437642	1438743
GCF_001767315.1	HTSR_RS04030	WP_070364737.1	NZ_CP016070.1	766216	767299
GCF_001560085.1	ATY90_RS02840	WP_011278152.1	NZ_LPRJ01000002.1	486711	487872
GCF_001571405.1	MCUTH_RS08955	WP_066958230.1	NZ_BCNX01000009.1	27334	28423
GCF_000147875.1	MPET_RS11985	WP_148222306.1	NC_014507.1	2378504	2379593
GCF_001989615.1	BV210_RS05465	WP_077205659.1	NZ_CP019067.1	1070643	1074234
GCF_000300255.2	MMALV_RS06195	WP_022532449.1	NC_020913.1	1269835	1270924
GCF_001663375.1	AAX04_RS03700	WP_066794184.1	NZ_LCTF01000008.1	48423	49506
GCF_001560685.1	ATZ21_RS06055	WP_011278152.1	NZ_LPSN01000005.1	9671	10832
GCF_000008665.1	AF_RS04760	WP_010878440.1	NC_000917.1	840080	841163
GCF_000585495.1	BD01_RS04530	WP_042690575.1	NZ_CP007264.1	823373	824528
GCF_000304355.2	BN140_RS04020	WP_024265363.1	NC_018227.2	832671	833760
GCF_000739065.1	JH146_RS06715	WP_048202252.1	NZ_CP009149.1	1288386	1289496
GCF_000337595.1	C484_RS03045	WP_006666334.1	NZ_AOIL01000012.1	153439	154531
GCF_000223905.1	HAH_RS05720	WP_008309777.1	NC_015948.1	1110327	1111434
GCF_000979105.1	DU44_RS11020	WP_048038739.1	NZ_JJQA01000085.1	83178	84288
GCF_900108165.1	C4S66_RS01100	WP_103990037.1	NZ_FNVN01000001.1	222884	223979
GCF_001560135.1	ATY93_RS02840	WP_011278152.1	NZ_LPRM01000001.1	571437	572598
GCF_900109065.1	BMX08_RS01835	WP_089670872.1	NZ_FNYR01000002.1	92905	94000
GCF_002252965.1	DJ73_RS09380	WP_094557831.1	NZ_NHPG01000073.1	32092	33178
GCF_000179575.2	METOK_RS01000	WP_013866383.1	NC_015636.1	207422	210986
GCF_000336675.1	C447_RS01970	WP_007690351.1	NZ_AOMB01000005.1	219674	220775
GCF_000336855.1	C460_RS09020	WP_008579581.1	NZ_AOLD01000029.1	79001	79483
GCF_001560125.1	ATY92_RS08075	WP_011278152.1	NZ_LPRL01000002.1	9619	10780
GCF_000337375.1	C469_RS06070	WP_008004780.1	NZ_AOJG01000015.1	6539	10121
GCF_000504205.1	METTI_RS02015	WP_023844144.1	NZ_AZAJ01000001.1	452012	453122
GCF_000021965.1	MPAL_RS03785	WP_012617430.1	NC_011832.1	748993	752434
GCF_000376445.1	B208_RS0104425	WP_007980389.1	NZ_AQXI01000001.1	774162	775257
GCF_000979635.1	DU45_RS17070	WP_011034342.1	NZ_JJPK01000132.1	12641	13751
GCF_000979915.1	DU54_RS04925	WP_011034342.1	NZ_JJQG01000056.1	24090	25200
GCF_001542905.1	AXA68_RS09690	WP_066415921.1	NZ_LOAJ01000001.1	2040049	2041135
GCF_000979685.1	DU55_RS11685	WP_011034342.1	NZ_JJPP01000093.1	34557	35667
GCF_000979375.1	DU40_RS13165	WP_015411513.1	NZ_JJOT01000100.1	11257	14785
GCF_001368915.1	BN996_RS06900	WP_089777770.1	NZ_CSTE01000002.1	566941	568042
GCF_900090055.1	CPM_RS07300	WP_021790126.1	NZ_LT719092.1	1472116	1473199
GCF_900113245.1	BM167_RS13635	WP_092893279.1	NZ_FOOQ01000004.1	29136	30231
GCF_000191585.1	METBO_RS12690	WP_013644809.1	NC_015216.1	1220065	1221058
GCF_000979125.1	DU60_RS13010	WP_048038739.1	NZ_JJQE01000126.1	28436	29546
GCF_000022365.1	TGAM_RS07220	WP_015859039.1	NC_012804.1	1339128	1340289
GCF_002214525.1	A3L12_RS07955	WP_088883115.1	NZ_CP015104.1	1469725	1470880
GCF_000151225.1	METSMIF1_RS04080	WP_004032979.1	NZ_GG704759.1	865249	866350
GCF_000336775.1	C454_RS03995	WP_004972885.1	NZ_AOLJ01000011.1	235318	239029
GCF_000337215.1	C493_RS08300	WP_007258984.1	NZ_AOHZ01000041.1	120967	122056
GCF_002135045.1	B9G49_RS06280	WP_049929589.1	NZ_NEWJ01000015.1	27029	28115
GCF_002487355.1	CL181_RS16710	WP_141398951.1	NZ_NTMG01000080.1	20454	21042
GCF_001481635.1	ATZ20_RS02985	WP_011278152.1	NZ_CP013695.1	589567	590728
GCF_002215445.1	B6A16_RS06520	WP_011278152.1	NZ_CP020361.1	1143309	1144470
GCF_002787055.1	NAQ_RS00115	WP_100181681.1	NZ_CP024808.1	14850	15954
GCF_000258425.1	FFONT_RS03915	WP_014557932.1	NC_017461.1	751472	754265
GCF_001560525.1	ATZ12_RS02975	WP_011278152.1	NZ_LPSF01000001.1	588216	589377
GCF_001027005.1	MCM1_RS03740	WP_048117747.1	NZ_CP008746.1	955931	957041
GCF_000196895.1	HACJB3_RS11485	WP_008416630.1	NC_014297.1	2189953	2191045
GCF_900215215.1	CP947_RS09520	WP_096712962.1	NZ_OBDR01000014.1	37028	38132
GCF_000979115.1	DU58_RS02510	WP_011034342.1	NZ_JJQD01000034.1	14756	15866
GCF_000979745.1	DU59_RS12390	WP_011034342.1	NZ_JJPS01000161.1	13940	15050
GCF_000016525.1	MSM_RS04815	WP_004032979.1	NC_009515.1	917843	918944
GCF_002214605.1	A3L04_RS04745	WP_068578724.1	NZ_CP015193.1	836941	838090
GCF_000734035.1	AFULGI_RS08720	WP_048095927.1	NZ_CP006577.1	1561006	1564477
GCF_000979505.1	DU30_RS12600	WP_011034342.1	NZ_JJPC01000124.1	25350	26460
GCF_002487355.1	CL181_RS03435	WP_097297844.1	NZ_NTMG01000023.1	54785	55895
GCF_000337875.1	C500_RS15285	WP_004216380.1	NZ_AOHS01000051.1	158348	159437
GCF_002078355.1	fad_RS02720	WP_009887610.1	NZ_CP015363.1	503455	506926
GCF_001560755.1	ATZ24_RS05860	WP_011278152.1	NZ_LPSQ01000006.1	9712	10873
GCF_900248165.1	NCAV_RS06410	WP_103286809.1	NZ_LT981265.1	1220305	1224187
GCF_001282785.1	BN1959_RS08440	WP_053948238.1	NZ_CVUA01000001.1	1686096	1687194
GCF_000979385.1	EO92_RS02780	WP_048169114.1	NZ_JJOV01000014.1	58677	59787
GCF_002252925.1	DJ74_RS07255	WP_094526813.1	NZ_NHPF01000072.1	111816	112902
GCF_001571385.1	MEFOE_RS11505	WP_067052236.1	NZ_BCNW01000001.1	2408937	2410011
GCF_000300255.2	MMALV_RS02475	WP_015504398.1	NC_020913.1	462646	465790
GCF_000007305.1	PF_RS07950	WP_011012724.1	NC_003413.1	1473913	1475062
GCF_000979825.1	DU62_RS07545	WP_048038524.1	NZ_JJPZ01000076.1	18391	19471
GCF_000337095.1	C474_RS16995	WP_008389057.1	NZ_AOIV01000041.1	143297	146894
GCF_002078205.2	B7L70_RS06350	WP_081227040.1	NZ_LCWN02000028.1	1160	2270
GCF_000022465.1	YG5714_RS06040	WP_012711262.1	NC_012622.1	1161134	1162304
GCF_000978935.1	DU39_RS05795	WP_015411513.1	NZ_JJPF01000046.1	9694	13222
GCF_900036045.1	MAB1_RS02825	WP_062262001.1	NZ_LT158599.1	565950	569394
GCF_000970045.1	MSMTP_RS05490	WP_048178164.1	NZ_CP009505.1	1299835	1300954
GCF_000336855.1	C460_RS03240	WP_008574357.1	NZ_AOLD01000017.1	147425	148526
GCF_900114435.1	BM337_RS14560	WP_089817374.1	NZ_FOZK01000003.1	160002	161109
GCF_000069025.1	OE_RS03445	WP_010902622.1	NC_010364.1	659719	660820
GCF_002252805.1	DJ80_RS01845	WP_094552406.1	NZ_NHOZ01000021.1	21796	25378
GCF_000336735.1	C452_RS02855	WP_006600262.1	NZ_AOLL01000008.1	140886	141987
GCF_000013725.1	MBUR_RS07725	WP_011499550.1	NC_007955.1	1575057	1578582
GCF_002355635.1	CPZ00_RS00700	WP_096388917.1	NZ_AP017558.1	149721	150810
GCF_001280455.1	AMR74_RS09330	WP_053771799.1	NZ_LIST01000003.1	312176	315761
GCF_900102305.1	BLQ72_RS01890	WP_092687212.1	NZ_FNBK01000001.1	356715	357819
GCF_000978945.1	DU49_RS00215	WP_048038739.1	NZ_JJPB01000004.1	5583	6693
GCF_000978945.1	DU49_RS09260	WP_048038683.1	NZ_JJPB01000087.1	5322	6693
GCF_000969965.1	MSWHS_RS15915	WP_048128628.1	NZ_CP009503.1	3622969	3624079
GCF_002214525.1	A3L12_RS06725	WP_088882905.1	NZ_CP015104.1	1242662	1246226
GCF_000979895.1	DU37_RS09260	WP_048038739.1	NZ_JJQF01000088.1	25392	26502
GCF_000017165.1	MEVAN_RS03615	WP_011972516.1	NC_009634.1	759371	762941
GCF_000337775.1	C437_RS04505	WP_004515704.1	NZ_AOLQ01000012.1	107544	108651
GCF_000970225.1	MSMAL_RS01430	WP_011032980.1	NZ_CP009513.1	348874	352402
GCF_000371805.1	METVI_RS0100400	WP_004590565.1	NZ_AQUK01000001.1	66515	67625
GCF_000281695.1	NJ7G_RS03630	WP_008452118.1	NC_018224.1	757574	758666
GCF_900107205.1	BLV25_RS10450	WP_021074308.1	NZ_FNPC01000005.1	243401	244490
GCF_900111935.1	BM286_RS11575	WP_092922337.1	NZ_FOYN01000003.1	428881	429967
GCF_002487355.1	CL181_RS16705	WP_097300463.1	NZ_NTMG01000080.1	18992	20441
GCF_001560675.1	ATZ19_RS08690	WP_011278152.1	NZ_LPSM01000002.1	669846	671007
GCF_001559965.1	ATY84_RS07100	WP_011278152.1	NZ_LPRE01000002.1	9717	10878
GCF_000685155.1	ANME2D_RS06860	WP_048090053.1	NZ_JMIY01000003.1	53840	54422
GCF_000336655.1	C445_RS09865	WP_007141713.1	NZ_AOLZ01000039.1	2811	3903
GCF_000204415.1	MCON_RS06610	WP_013719236.1	NC_015416.1	1324474	1325602
GCF_001560115.1	ATY91_RS00595	WP_011278152.1	NZ_LPRK01000002.1	9727	10888
GCF_001190965.1	ABY42_RS07630	WP_004976866.1	NZ_CP011947.1	1451141	1452242
GCF_000337515.1	C479_RS01385	WP_007696712.1	NZ_AOIQ01000006.1	64390	65491
GCF_900111645.1	BMX02_RS00260	WP_091688012.1	NZ_FOHQ01000001.1	43986	47511
GCF_900114025.1	BM108_RS17245	WP_005580242.1	NZ_FORO01000052.1	16181	17273
GCF_002379115.1	B9H03_RS10660	WP_049929589.1	NZ_NDWV01000015.1	25656	26742
GCF_000698785.1	NVIE_RS13530	WP_075055726.1	NZ_CP007536.1	2373043	2374150
GCF_900003525.1	CHX44_RS03925	WP_059056476.1	NZ_CEMQ01000001.1	740234	741344
GCF_000979995.1	DU74_RS13935	WP_048038524.1	NZ_JJQN01000151.1	4759	5839
GCF_000979685.1	DU55_RS15250	WP_048038524.1	NZ_JJPP01000137.1	70461	71541
GCF_000446015.1	N186_RS04645	WP_020962613.1	NC_022093.1	841501	842647
GCF_001266655.1	MsedA_RS08925	WP_012021697.1	NZ_CP012172.1	1691587	1692748
GCF_000979375.1	DU40_RS03250	WP_011034342.1	NZ_JJOT01000023.1	11832	12942
GCF_000978955.1	DU34_RS08740	WP_048038524.1	NZ_JJOU01000121.1	41559	42639
GCF_000235565.1	MHAR_RS00460	WP_014585669.1	NC_017527.1	94460	95543
GCF_002201915.1	BW919_RS03510	WP_088335675.1	NZ_CP019470.1	618466	619507
GCF_001560555.1	ATZ13_RS07130	WP_011278152.1	NZ_LPSG01000005.1	9745	10906
GCF_000979295.1	EO95_RS01785	WP_048131575.1	NZ_JJQY01000012.1	43284	46812
GCF_000337435.1	C473_RS05810	WP_007344903.1	NZ_AOIW01000041.1	70438	74023
GCF_001560315.1	ATZ02_RS07560	WP_011278152.1	NZ_LPRV01000011.1	9745	10906
GCF_000979925.1	DU85_RS09930	WP_011034342.1	NZ_JJQJ01000132.1	28170	29280
GCF_000243255.1	METLIM_RS13945	WP_004079521.1	NZ_CM001436.1	2919524	2920613
GCF_001011115.1	HLASF_RS07260	WP_050048683.1	NZ_CP008874.1	1452863	1453943
GCF_900064395.1	CCY56_RS11610	WP_004070146.1	NZ_FJMQ01000164.1	63170	64316
GCF_000191585.1	METBO_RS11735	WP_013645939.1	NC_015216.1	2415597	2416674
GCF_001462205.1	AN233_RS04465	WP_058365650.1	NZ_LKIR01000068.1	58730	62321
GCF_002252835.1	DJ78_RS06360	WP_049929589.1	NZ_NHPB01000038.1	112617	113703
GCF_001316065.1	JCM12091_RS03940	WP_062661992.1	NZ_BBBZ01000006.1	81389	82547
GCF_900111485.1	BSG09_RS13615	WP_092934006.1	NZ_FOIC01000015.1	59200	62773
GCF_000195935.2	PAB_RS03175	WP_010867719.1	NC_000868.1	563069	564218
GCF_000485535.1	HALJE_RS09960	WP_008416630.1	NZ_AXZD01000009.1	180682	181774
GCF_000455345.1	TX79_RS06050	WP_049926404.1	NZ_HG315690.1	1238095	1241683
GCF_000979935.1	DU72_RS02655	WP_011033554.1	NZ_JJQK01000040.1	3703	4819
GCF_000979935.1	DU72_RS13315	WP_048038739.1	NZ_JJQK01000222.1	3709	4819
GCF_001889405.1	BHR79_RS00915	WP_072560390.1	NZ_CP017921.1	178112	179216
GCF_002286985.1	CK500_RS03680	WP_095635898.1	NZ_NSKC01000002.1	199729	200815
GCF_001729385.1	A9505_RS06885	WP_069575267.1	NZ_LZPL01000040.1	18134	19229
GCF_000012285.1	SACI_RS06275	WP_011278152.1	NC_007181.1	1117748	1118909
GCF_000014945.1	MTHE_RS03085	WP_011695788.1	NC_008553.1	623957	625031
GCF_000979185.1	DU71_RS11035	WP_048038524.1	NZ_JJQI01000079.1	6642	7722
GCF_000970265.1	MSLAZ_RS04470	WP_048124873.1	NZ_CP009515.1	1035584	1036694
GCF_000970205.1	MSMAS_RS06150	WP_048038524.1	NZ_CP009512.1	1401366	1402446
GCF_002252875.1	DJ76_RS15825	WP_094495707.1	NZ_NHPD01000073.1	1164	4746
GCF_001729455.1	A9757_RS03255	WP_004032979.1	NZ_MAIE01000045.1	59020	60121
GCF_000017185.1	MAEO_RS05105	WP_232202555.1	NC_009635.1	1039566	1040604
GCF_900102305.1	BLQ72_RS06625	WP_092689908.1	NZ_FNBK01000004.1	227054	230645
GCF_000970225.1	MSMAL_RS06125	WP_048038524.1	NZ_CP009513.1	1397280	1398360
GCF_000337915.1	C471_RS11915	WP_004049376.1	NZ_AOJE01000060.1	132818	136400
GCF_000979815.1	DU51_RS08755	WP_048038524.1	NZ_JJPY01000064.1	120826	121906
GCF_002243045.1	BB781_RS06945	WP_094227779.1	NZ_MBKP01000016.1	48975	50421
GCF_000970025.1	MSBRM_RS08795	WP_048117747.1	NZ_CP009528.1	2160131	2161241
GCF_900106715.1	BLV10_RS08450	WP_004516997.1	NZ_FNOF01000005.1	51367	54955
GCF_000024185.1	MRU_RS09330	WP_012956662.1	NC_013790.1	2398161	2399250
GCF_002215405.1	B6A18_RS06515	WP_011278152.1	NZ_CP020360.1	1143313	1144474
GCF_000336935.1	C450_RS01050	WP_005038921.1	NZ_AOME01000012.1	899	1592
GCF_001560205.1	ATY96_RS00070	WP_011278152.1	NZ_LPRP01000001.1	9745	10906
GCF_000979515.1	DU35_RS14790	WP_015411513.1	NZ_JJPD01000171.1	99595	103123
GCF_000337835.1	C441_RS02520	WP_007273639.1	NZ_AOLM01000004.1	29586	30687
GCF_900103715.1	BLR57_RS12635	WP_089698029.1	NZ_FNHL01000003.1	260437	261532
GCF_000979635.1	DU45_RS07235	WP_048038524.1	NZ_JJPK01000050.1	38775	39855
GCF_001006085.1	YWQ_RS04790	WP_013562722.1	NZ_AUQX01000016.1	8309	9614
GCF_000710615.1	HL45_RS06620	WP_049970357.1	NZ_JDTH01000002.1	278680	279772
GCF_000022445.1	M164_RS06100	WP_012711262.1	NC_012726.1	1172899	1174069
GCF_000251105.1	MTC_RS08195	WP_014406228.1	NC_017034.1	1566731	1567829
GCF_000237865.1	HQRW_RS01385	WP_014555162.1	NC_017459.1	321903	325500
GCF_000336615.1	C442_RS09195	WP_008309777.1	NZ_AOLW01000016.1	10914	12021
GCF_900107665.1	BLU18_RS01080	WP_092630142.1	NZ_FNQT01000001.1	198475	199564
GCF_000970085.1	MSSIT_RS09505	WP_048171934.1	NZ_CP009506.1	2235565	2236687
GCF_002572525.1	CP556_RS03300	WP_098724323.1	NZ_PDBS01000001.1	688281	691872
GCF_000063445.1	RCI_RS04475	WP_012035208.1	NC_009464.1	869007	872529
GCF_000337475.1	C476_RS02370	WP_008009469.1	NZ_AOIT01000016.1	115376	118949
GCF_000018305.1	CMAQ_RS07980	WP_012186594.1	NC_009954.1	1633286	1634396
GCF_000336815.1	C457_RS07915	WP_004976866.1	NZ_AOLG01000013.1	135879	136980
GCF_000337755.1	C435_RS00360	WP_007187668.1	NZ_AOLS01000002.1	52459	56047
GCF_000016385.1	PARS_RS09750	WP_011901379.1	NC_009376.1	1732774	1733878
GCF_002177135.1	B2G88_RS02620	WP_087713891.1	NZ_MWPH01000001.1	528567	529659
GCF_001017125.1	SZ63_RS09020	WP_048184427.1	NZ_JXOJ01000004.1	100283	101372
GCF_001729285.1	A9507_RS13730	WP_048080564.1	NZ_LZPM01000047.1	6111	7164
GCF_000336995.1	C461_RS01290	WP_007997946.1	NZ_AOJI01000010.1	10508	14093
GCF_000012545.1	MSP_RS06650	WP_048059903.1	NC_007681.1	1508154	1509225
GCF_900106715.1	BLV10_RS13350	WP_004515704.1	NZ_FNOF01000010.1	107640	108747
GCF_000328925.1	NAR_RS0115630	WP_026090049.1	NZ_AJVJ01000042.1	34221	37746
GCF_000744315.1	M886_RS02485	WP_048050595.1	NZ_JQLR01000001.1	533210	536738
GCF_000404225.1	H729_RS03000	WP_020448525.1	NC_021353.1	618502	620887
GCF_001571385.1	MEFOE_RS08745	WP_067051171.1	NZ_BCNW01000001.1	1778155	1779250
GCF_000017165.1	MEVAN_RS03815	WP_011972556.1	NC_009634.1	789499	790597
GCF_000744315.1	M886_RS09570	WP_048038739.1	NZ_JQLR01000001.1	2179828	2180938
GCF_000739555.1	ACP95_RS06885	WP_049980499.1	NZ_BBJN01000023.1	60476	61574
GCF_000220645.1	GYY_RS07660	WP_013999754.1	NC_015847.1	1462067	1465637
GCF_000217715.1	HALXA_RS01250	WP_013878479.1	NC_015666.1	253950	257127
GCF_000166095.1	MFER_RS01480	WP_013413372.1	NC_014658.1	279128	280190
GCF_001560485.1	ATZ10_RS06540	WP_011278152.1	NZ_LPSD01000006.1	9737	10898
GCF_000371805.1	METVI_RS0103445	WP_026152876.1	NZ_AQUK01000001.1	584592	588033
GCF_000731985.1	ALTAJ2_RS11575	WP_007109591.1	NZ_JNCS01000005.1	118539	119631
GCF_000979745.1	DU59_RS13925	WP_048038524.1	NZ_JJPS01000188.1	23263	24343
GCF_001888095.1	MPF_RS03880	WP_072359231.1	NZ_JWTK01000002.1	483555	484659
GCF_001719125.1	BFU36_RS01575	WP_069281697.1	NZ_CP017006.1	319774	320944
GCF_000970245.1	MSMAC_RS01465	WP_015411513.1	NZ_CP009514.1	357029	360557
GCF_000980105.1	DU79_RS01835	WP_011034342.1	NZ_JJQX01000029.1	38846	39956
GCF_000022385.1	LS215_RS06615	WP_012713656.1	NC_012589.1	1261639	1262809
GCF_001592435.1	A0127_RS00065	WP_062386225.1	NZ_CP014750.1	10004	13571
GCF_000283335.1	HSB1_RS06115	WP_009366443.1	NZ_ALJD01000003.1	582677	586259
GCF_000970305.1	MSBR3_RS06625	WP_048107224.1	NZ_CP009517.1	1656502	1657612
GCF_001870125.1	A4241_RS02560	WP_148685627.1	NZ_CP017922.1	498645	499746
GCF_000025625.1	NMAG_RS12445	WP_004215212.1	NC_013922.1	2659429	2662999
GCF_900116205.1	BM348_RS13155	WP_092905242.1	NZ_FOZS01000002.1	1050955	1052047
GCF_002214485.1	A3L08_RS07340	WP_088854400.1	NZ_CP015102.1	1326759	1327920
GCF_000747605.1	HA72_RS08925	WP_012021697.1	NZ_CP008822.1	1691548	1692709
GCF_000151205.2	TAM4_RS04025	WP_014121965.1	NC_016051.1	722906	724067
GCF_000980175.1	DU83_RS14895	WP_011034342.1	NZ_JJRB01000124.1	24108	25218
GCF_000144915.1	ASAC_RS01140	WP_013266140.1	NC_014374.1	224045	225209
GCF_001541925.1	AW732_RS04030	WP_067958833.1	NZ_LQMW01000017.1	147170	148295
GCF_001886955.1	HSR6_RS04180	WP_070364737.1	NZ_CP016804.1	794457	795540
GCF_001469875.2	AUR65_RS17820	WP_058568461.1	NZ_LOPW02000022.1	50081	53801
GCF_001317345.1	EP1X_RS03625	WP_055281809.1	NZ_JXCG01000003.1	163564	164710
GCF_002727125.1	DJ69_RS05250	WP_099254633.1	NZ_NHOA01000033.1	41162	42248
GCF_001560035.1	ATY86_RS07565	WP_011278152.1	NZ_LPRG01000015.1	9722	10883
GCF_000016125.1	MMARC5_RS00930	WP_011867956.1	NC_009135.1	147019	150589
GCF_001481595.1	ATY89_RS11700	WP_011278152.1	NZ_CP013694.1	2209577	2210738
GCF_001280455.1	AMR74_RS06360	WP_053771221.1	NZ_LIST01000002.1	244113	245199
GCF_002487355.1	CL181_RS16715	WP_097300465.1	NZ_NTMG01000080.1	21022	24370
GCF_000223905.1	HAH_RS15510	WP_014030645.1	NC_015943.1	80578	82288
GCF_001593955.1	HAPAU_RS00855	WP_066378341.1	NZ_LTAZ01000001.1	163684	167266
GCF_001989615.1	BV210_RS05025	WP_077205579.1	NZ_CP019067.1	982975	985462
GCF_000430905.1	H575_RS05645	WP_042699254.1	NZ_AUMX01000016.1	1296	4746
GCF_000970005.1	MSWH1_RS15815	WP_048129883.1	NZ_CP009504.1	3574645	3578173
GCF_002243045.1	BB781_RS07565	WP_094227890.1	NZ_MBKP01000018.1	25330	28855
GCF_000172995.2	HBOR_RS07990	WP_006054460.1	NC_014729.1	1582117	1583212
GCF_900142335.1	BUB61_RS00350	WP_007980389.1	NZ_FRAN01000001.1	67648	68743
GCF_001560065.1	ATY88_RS06070	WP_011278152.1	NZ_LPRI01000004.1	9868	11029
GCF_000979295.1	EO95_RS04505	WP_048132569.1	NZ_JJQY01000043.1	26105	27215
GCF_000195935.2	PAB_RS01900	WP_010867481.1	NC_000868.1	349306	352840
GCF_001639295.1	MBCUR_RS03395	WP_067090203.1	NZ_LWMV01000136.1	18930	20013
GCF_000980025.1	DU87_RS02485	WP_048038739.1	NZ_JJQQ01000029.1	27615	28725
GCF_000980025.1	DU87_RS13935	WP_048040248.1	NZ_JJQQ01000148.1	27663	28725
GCF_000337315.1	C498_RS03065	WP_004041449.1	NZ_AOHU01000029.1	1524	2625
GCF_900110535.1	BMW35_RS02755	WP_089667866.1	NZ_FOJA01000001.1	523466	524567
GCF_001485555.1	AVZ98_RS07140	WP_050036854.1	NZ_BCNA01000001.1	1442038	1445626
GCF_000337155.1	C485_RS01925	WP_007107797.1	NZ_AOIK01000007.1	14032	17605
GCF_001315945.1	JCM10550_RS04190	WP_062397199.1	NZ_BBBG01000003.1	113351	114788
GCF_900188065.1	CHB65_RS05120	WP_089383977.1	NZ_FZNQ01000003.1	206424	210009
GCF_000011085.1	RR_RS06045	WP_004962323.1	NC_006396.1	407449	408556
GCF_000337195.1	C489_RS12420	WP_006431629.1	NZ_AOID01000034.1	9436	10528
GCF_000196655.1	METEV_RS10655	WP_013195519.1	NC_014253.1	2120465	2123990
GCF_000723845.1	BN984_RS09745	WP_049968125.1	NZ_LK053000.1	1933676	1937384
GCF_000993805.1	MA03_RS06300	WP_052884448.1	NZ_CP009961.1	1225424	1226558
GCF_002243045.1	BB781_RS06940	WP_094227778.1	NZ_MBKP01000016.1	48397	48979
GCF_000275865.1	METLI_RS06550	WP_004038983.1	NZ_CM001555.1	1318086	1319181
GCF_000172995.2	HBOR_RS12215	WP_006056455.1	NC_014729.1	2418208	2421805
GCF_900188075.1	CHB78_RS05380	WP_089308002.1	NZ_FZNK01000001.1	1075338	1078920
GCF_001484685.1	ADU37_RS06085	WP_058946764.1	NZ_CP012200.1	1076736	1077882
GCF_000327485.1	METFOR_RS02665	WP_015284566.1	NC_019943.1	525419	528866
GCF_002214585.1	A3L09_RS06700	WP_088858218.1	NZ_CP014862.1	1238335	1239496
GCF_000026045.1	NP_RS03045	WP_011322335.1	NC_007426.1	593688	597267
GCF_900143675.1	NSIN_RS04180	WP_177346285.1	NZ_FRFC01000003.1	442586	443684
GCF_000337415.1	C472_RS16040	WP_006630915.1	NZ_AOJD01000090.1	3424	4510
GCF_900095295.1	MCBB_RS01490	WP_071905948.1	NZ_LT607756.1	313531	314584
GCF_000474235.1	AOZ13_RS06415	WP_021780129.1	NZ_BATA01000026.1	4915	6016
GCF_000800805.1	Mpt1_RS03890	WP_048112363.1	NZ_CP010070.1	824248	825376
GCF_000337875.1	C500_RS07235	WP_004215212.1	NZ_AOHS01000029.1	60696	64266
GCF_000328945.1	NSJ_RS0105110	WP_014963792.1	NZ_AJVI01000004.1	8282	9395
GCF_000979755.1	DU69_RS17300	WP_011034342.1	NZ_JJPT01000166.1	18562	19672
GCF_900111485.1	BSG09_RS07230	WP_092931620.1	NZ_FOIC01000005.1	177266	178358
GCF_000762265.1	BRM9_RS09770	WP_048086111.1	NZ_CP006933.1	1992973	1994029
GCF_000970125.1	MSSIH_RS09155	WP_048171934.1	NZ_CP009507.1	2149585	2150707
GCF_900003575.1	CHX46_RS11965	WP_059056476.1	NZ_CEML01000002.1	731610	732720
GCF_000017625.1	MBOO_RS09040	WP_012107301.1	NC_009712.1	1816039	1817128
GCF_000337335.1	C466_RS06195	WP_004595184.1	NZ_AOJN01000039.1	20487	24072
GCF_001559955.1	ATY82_RS06550	WP_011278152.1	NZ_LPRC01000006.1	9754	10915
GCF_900143675.1	NSIN_RS06265	WP_101010245.1	NZ_FRFC01000004.1	64912	68437
GCF_001571405.1	MCUTH_RS05875	WP_066956858.1	NZ_BCNX01000006.1	518135	521579
GCF_000979195.1	DU76_RS02035	WP_011034342.1	NZ_JJQM01000025.1	25572	26682
GCF_002215285.1	CF318_RS09150	WP_012659764.1	NZ_MJCD01000008.1	46532	50114
GCF_000385565.1	ASULF_RS09780	WP_236609683.1	NC_021169.1	1817331	1818423
GCF_000979015.1	DU63_RS01765	WP_048039129.1	NZ_JJPO01000017.1	51357	54885
GCF_002727095.1	Z052_RS08435	WP_049929589.1	NZ_NHNZ01000094.1	75589	76675
GCF_900129775.1	BUE16_RS06995	WP_073307973.1	NZ_FQWV01000003.1	154689	158277
GCF_002243045.1	BB781_RS06935	WP_094227777.1	NZ_MBKP01000016.1	45063	48417
GCF_001482285.1	AM590_RS10020	WP_058827358.1	NZ_LOEP01000022.1	102900	104001
GCF_002844335.1	BVU17_RS10625	WP_101350613.1	NZ_CP019154.1	2088202	2091790
GCF_002252755.1	DJ81_RS17430	WP_094590828.1	NZ_NHOY01000122.1	34520	37697
GCF_000979575.1	DU38_RS00830	WP_015411513.1	NZ_JJPG01000007.1	9693	13221
GCF_001560435.1	ATZ07_RS05805	WP_011278152.1	NZ_LPSA01000009.1	9651	10812
GCF_000328945.1	NSJ_RS0109980	WP_014962958.1	NZ_AJVI01000011.1	5135	8660
GCF_000337575.1	C483_RS14155	WP_006654046.1	NZ_AOIM01000037.1	143627	147197
GCF_001560765.1	ATZ25_RS07115	WP_011278152.1	NZ_LPSR01000003.1	9598	10759
GCF_000300255.2	MMALV_RS01065	WP_015504122.1	NC_020913.1	193196	196808
GCF_002114285.1	B9H04_RS00915	WP_049929589.1	NZ_NEDJ01000002.1	26937	28023
GCF_000022205.1	HLAC_RS02620	WP_012659764.1	NC_012029.1	547172	550754
GCF_000023945.1	HUTA_RS00625	WP_012795194.1	NC_013158.1	122950	124063
GCF_000979815.1	DU51_RS09570	WP_015411513.1	NZ_JJPY01000068.1	55139	58667
GCF_002252745.1	DJ82_RS09705	WP_094581691.1	NZ_NHOX01000038.1	12432	16023
GCF_000979185.1	DU71_RS02975	WP_015411513.1	NZ_JJQI01000026.1	51908	55436
GCF_000734035.1	AFULGI_RS04895	WP_010878440.1	NZ_CP006577.1	883762	884845
GCF_001315945.1	JCM10550_RS14005	WP_062400014.1	NZ_BBBG01000022.1	23366	24473
GCF_002844195.1	CNO20_RS17285	WP_101297365.1	NZ_PEND01000006.1	231695	232796
GCF_000979035.1	DU66_RS17375	WP_048038524.1	NZ_JJPU01000205.1	38775	39855
GCF_900108095.1	BLW62_RS08990	WP_090506751.1	NZ_FNWL01000002.1	340620	341712
GCF_000970185.1	MSMAP_RS11650	WP_048043676.1	NZ_CP009511.1	2779370	2780480
GCF_000025525.1	MFS40622_RS04570	WP_012980509.1	NC_013887.1	913749	917259
GCF_002215525.1	B6A20_RS06365	WP_011278152.1	NZ_CP020363.1	1117704	1118865
GCF_900114025.1	BM108_RS00145	WP_005580774.1	NZ_FORO01000001.1	27640	31231
GCF_000007345.1	MA_RS22635	WP_011024214.1	NC_003552.1	5335807	5339335
GCF_002197185.1	CDI07_RS04480	WP_088180463.1	NZ_CP021848.1	806950	808111
GCF_000337295.1	C439_RS02285	WP_004056801.1	NZ_AOLO01000002.1	193986	195087
GCF_000337075.1	C467_RS01855	WP_008581302.1	NZ_AOJO01000008.1	1620	2706
GCF_000328525.1	HALRU_RS07000	WP_015300698.1	NC_019964.1	1492235	1493336
GCF_000020905.1	DKAM_RS05920	WP_012608885.1	NC_011766.1	1140302	1141604
GCF_000337135.1	C482_RS18025	WP_006169237.1	NZ_AOIN01000096.1	83696	87266
GCF_000024625.1	METVU_RS04070	WP_015732910.1	NC_013407.1	802619	803729
GCF_002252875.1	DJ76_RS14550	WP_094495579.1	NZ_NHPD01000062.1	44185	45255
GCF_000336975.1	C458_RS06980	WP_008574357.1	NZ_AOLF01000014.1	1468	2569
GCF_000979935.1	DU72_RS13135	WP_048038524.1	NZ_JJQK01000218.1	12215	13295
GCF_000337435.1	C473_RS17795	WP_004595827.1	NZ_AOIW01000035.1	39574	40660
GCF_001560215.1	ATY97_RS06070	WP_011278152.1	NZ_LPRQ01000004.1	9756	10917
GCF_000979035.1	DU66_RS12795	WP_015411513.1	NZ_JJPU01000154.1	105969	109497
GCF_000812185.1	T478_RS01815	WP_048104727.1	NZ_CP007026.1	308198	309320
GCF_002243045.1	BB781_RS13010	WP_094228918.1	NZ_MBKP01000046.1	29796	30906
GCF_000015765.1	MLAB_RS02195	WP_011832794.1	NC_008942.1	397296	398394
GCF_900003515.1	CHX40_RS09455	WP_059056476.1	NZ_CEMO01000001.1	1774920	1776030
GCF_000336775.1	C454_RS14550	WP_004976866.1	NZ_AOLJ01000022.1	134964	136065
GCF_000970245.1	MSMAC_RS11460	WP_048038739.1	NZ_CP009514.1	2656789	2657899
GCF_000152265.2	FACI_RS00065	WP_009886028.1	NC_021592.1	15429	17355
GCF_002252895.1	DJ75_RS16510	WP_094525512.1	NZ_NHPE01000143.1	43433	44519
GCF_000328525.1	HALRU_RS05375	WP_015300387.1	NC_019964.1	1142605	1146178
GCF_000979855.1	DU65_RS07355	WP_048038524.1	NZ_JJQC01000073.1	22098	23178
GCF_900176435.1	B8780_RS00575	WP_084272297.1	NZ_FWYE01000001.1	101675	105128
GCF_000978965.1	DU33_RS17345	WP_011034342.1	NZ_JJPI01000149.1	61294	62404
GCF_000979815.1	DU51_RS07675	WP_048038739.1	NZ_JJPY01000058.1	47572	48682
GCF_002813695.1	BK009_RS11905	WP_100904828.1	NZ_CP017768.1	2438750	2439806
GCF_900215215.1	CP947_RS04420	WP_096712035.1	NZ_OBDR01000003.1	113119	116641
GCF_000306765.2	HFX_RS03145	WP_004057578.1	NC_017941.2	612974	616673
GCF_002243045.1	BB781_RS06930	WP_094227776.1	NZ_MBKP01000016.1	43879	45067
GCF_000979665.1	DU67_RS06735	WP_015411513.1	NZ_JJPL01000060.1	56620	60148
GCF_900196725.1	MNV_RS11985	WP_096206197.1	NZ_FZMP01000183.1	19935	20397
GCF_000179575.2	METOK_RS02715	WP_013866710.1	NC_015636.1	550252	551350
GCF_000336995.1	C461_RS05845	WP_007999472.1	NZ_AOJI01000018.1	9188	10274
GCF_000013725.1	MBUR_RS06180	WP_011499271.1	NC_007955.1	1291061	1292183
GCF_000746205.1	EP28_RS11865	WP_049984217.1	NZ_KN050825.1	60424	64003
GCF_000337055.1	C465_RS03375	WP_004595827.1	NZ_AOJM01000031.1	58636	59722
GCF_000980175.1	DU83_RS12340	WP_015411513.1	NZ_JJRB01000113.1	11187	14715
GCF_900115675.1	BMZ83_RS02210	WP_074875152.1	NZ_FOXI01000001.1	425914	427012
GCF_900129775.1	BUE16_RS10545	WP_073309403.1	NZ_FQWV01000005.1	162555	163671
GCF_001989615.1	BV210_RS00515	WP_077204750.1	NZ_CP019067.1	99983	101093
GCF_000725425.1	PAP_RS07015	WP_048165333.1	NZ_CP006019.1	1277643	1278792
GCF_900108505.1	BLW38_RS02800	WP_092813969.1	NZ_FNWU01000001.1	554945	558542
GCF_000283335.1	HSB1_RS01095	WP_009365579.1	NZ_ALJD01000002.1	198811	199906
GCF_000745485.1	EJ01_RS02615	WP_048080564.1	NZ_JQJK01000008.1	502755	503808
GCF_000970165.1	MSMAW_RS06125	WP_048038524.1	NZ_CP009509.1	1400972	1402052
GCF_000784335.1	LT39_RS04585	WP_049989296.1	NZ_JROF01000005.1	107020	108112
GCF_000979555.1	DU41_RS04995	WP_048038739.1	NZ_JJPE01000053.1	4319	5429
GCF_001316025.1	JCM11219_RS11320	WP_054844415.1	NZ_BBBK01000021.1	13891	15004
GCF_900177455.1	B9Y52_RS06705	WP_072360762.1	NZ_FXBN01000002.1	288712	292234
GCF_000979095.1	DU42_RS00750	WP_011034342.1	NZ_JJPX01000008.1	26320	27430
GCF_002487355.1	CL181_RS16720	WP_097300466.1	NZ_NTMG01000080.1	24362	25514
GCF_000220645.1	GYY_RS07860	WP_013999773.1	NC_015847.1	1492209	1493307
GCF_000966265.1	PFER_RS02805	WP_048148546.1	NZ_LANF01000007.1	81764	82928
GCF_000328665.1	METHO_RS00350	WP_015323534.1	NC_019977.1	73253	76775
GCF_000979385.1	EO92_RS01430	WP_048168825.1	NZ_JJOV01000005.1	22664	26192
GCF_000980155.1	DU81_RS08315	WP_011034342.1	NZ_JJRA01000072.1	25524	26634
GCF_000337855.1	C499_RS05670	WP_006054460.1	NZ_AOHT01000015.1	1438	2533
GCF_000328685.1	NATOC_RS02890	WP_015319915.1	NC_019974.1	580566	584148
GCF_001266715.1	MsedD_RS08930	WP_012021697.1	NZ_CP012175.1	1691587	1692748
GCF_000970145.1	MSSAC_RS10615	WP_048182353.1	NZ_CP009508.1	2522156	2523278
GCF_001485555.1	AVZ98_RS02000	WP_008309777.1	NZ_BCNA01000001.1	389147	390254
GCF_002135045.1	B9G49_RS07105	WP_086215898.1	NZ_NEWJ01000019.1	1206	4788
GCF_000337155.1	C485_RS11185	WP_007109591.1	NZ_AOIK01000029.1	95762	96854
GCF_900114835.1	BM008_RS01555	WP_091932199.1	NZ_FOUJ01000001.1	295060	296170
GCF_900100875.1	BLS11_RS06685	WP_092534934.1	NZ_FNKQ01000002.1	170817	171912
GCF_000337095.1	C474_RS02660	WP_008383676.1	NZ_AOIV01000005.1	1619	2714
GCF_000621965.1	T523_RS07295	WP_084486456.1	NZ_KK211377.1	146356	147457
GCF_001560195.1	ATY95_RS06240	WP_011278152.1	NZ_LPRO01000007.1	9703	10864
GCF_000979515.1	DU35_RS02895	WP_048038739.1	NZ_JJPD01000033.1	28061	29171
GCF_000253055.1	TTX_RS03590	WP_014126657.1	NC_016070.1	645402	646503
GCF_001316005.1	JCM11217_RS06920	WP_243678637.1	NZ_BBBJ01000005.1	167705	168818
GCF_000813245.1	TCARB_RS00090	WP_020962613.1	NZ_CP007493.1	16733	17879
GCF_900003505.1	CHX39_RS09240	WP_059056476.1	NZ_CEMN01000001.1	1731622	1732732
GCF_001485555.1	AVZ98_RS17980	WP_050036644.1	NZ_BCNA01000003.1	212643	214353
GCF_900100715.1	BLP52_RS06645	WP_091709709.1	NZ_FNCA01000004.1	15659	16769
GCF_000023985.1	MEFER_RS04405	WP_015791423.1	NC_013156.1	817714	821224
GCF_900110465.1	BSG17_RS05175	WP_089821695.1	NZ_FODV01000002.1	387878	391457
GCF_000337715.1	C494_RS18440	WP_006067900.1	NZ_AOHY01000058.1	4639	8224
GCF_000194625.1	ARCVE_RS06830	WP_048085753.1	NC_015320.1	1219970	1221053
GCF_000275865.1	METLI_RS04095	WP_004038297.1	NZ_CM001555.1	814307	815399
GCF_000022425.1	M1627_RS06505	WP_012711262.1	NC_012632.1	1272261	1273431
GCF_001889405.1	BHR79_RS04680	WP_072561287.1	NZ_CP017921.1	937153	940675
GCF_000337595.1	C484_RS14760	WP_006826705.1	NZ_AOIL01000050.1	171822	175416
GCF_000328925.1	NAR_RS0107130	WP_014962958.1	NZ_AJVJ01000022.1	4984	8509
GCF_000258425.1	FFONT_RS03700	WP_014557888.1	NC_017461.1	708410	709772
GCF_000007005.1	SSO_RS04830	WP_009992416.1	NC_002754.1	828180	829350
GCF_002906215.1	CRG89_RS03840	WP_197706576.1	NZ_CP024014.1	729182	730823
GCF_000336875.1	C463_RS07660	WP_008442535.1	NZ_AOJK01000036.1	202640	203726
GCF_000337015.1	C462_RS02420	WP_007993348.1	NZ_AOJJ01000029.1	174125	175211
GCF_000979255.1	DU77_RS06970	WP_015411513.1	NZ_JJQS01000060.1	11186	14714
GCF_000979255.1	DU77_RS15165	WP_080925772.1	NZ_JJQS01000132.1	13796	14714
GCF_000023965.1	HMUK_RS14550	WP_015763949.1	NC_013202.1	2885704	2889283
GCF_000337015.1	C462_RS06870	WP_007994698.1	NZ_AOJJ01000054.1	19174	22756
GCF_002787055.1	NAQ_RS03705	WP_100182304.1	NZ_CP024808.1	618146	621671
GCF_000009965.1	TK_RS03950	WP_011249749.1	NC_006624.1	696657	697815
GCF_002379115.1	B9H03_RS07285	WP_089308002.1	NZ_NDWV01000007.1	133919	137501
GCF_900083515.1	CSP5_RS07265	WP_148689999.1	NZ_LT671858.1	1477939	1479022
GCF_001560725.1	ATZ23_RS03025	WP_011278152.1	NZ_LPSP01000001.1	597654	598815
GCF_000711215.1	T502_RS04255	WP_042705919.1	NZ_JOMF01000006.1	37754	38843
GCF_001485575.1	AV059_RS17235	WP_058996433.1	NZ_BCNB01000006.1	2535598	2536705
GCF_001639285.1	MBCUT_RS07950	WP_067260154.1	NZ_LWMW01000123.1	9693	10776
GCF_000875775.1	NPIRD3C_RS07725	WP_148703600.1	NZ_CP010868.1	1275762	1279287
GCF_000970145.1	MSSAC_RS21165	WP_048185052.1	NZ_CP009508.1	4956089	4959617
GCF_000827835.1	SG26_RS13655	WP_008309777.1	NZ_CP010529.1	2716725	2717832
GCF_000979345.1	DU47_RS13830	WP_015411513.1	NZ_JJOS01000115.1	10432	13960
GCF_000979335.1	DU31_RS10695	WP_011034342.1	NZ_JJOR01000112.1	24090	25200
GCF_900111935.1	BM286_RS07465	WP_092920937.1	NZ_FOYN01000002.1	514898	518483
GCF_000217995.1	MZHIL_RS03850	WP_048815631.1	NC_015676.1	831521	832637
GCF_000336635.1	C444_RS05625	WP_004591516.1	NZ_AOLY01000009.1	63355	66949
GCF_000979675.1	DU46_RS02020	WP_048038524.1	NZ_JJPN01000014.1	18391	19471
GCF_000308215.1	WYS_RS10410	WP_026069021.1	NZ_CAJE01000017.1	90724	94330
GCF_900111645.1	BMX02_RS00695	WP_091688169.1	NZ_FOHQ01000001.1	130483	131569
GCF_000336955.1	C455_RS04210	WP_007540303.1	NZ_AOLI01000012.1	58268	59369
GCF_002252985.1	DJ70_RS08605	WP_094531988.1	NZ_NHPJ01000085.1	32711	34682
GCF_002252835.1	DJ78_RS04615	WP_094582751.1	NZ_NHPB01000025.1	141471	145053
GCF_000337175.1	C486_RS01190	WP_008452118.1	NZ_AOIJ01000030.1	45084	46176
GCF_000337895.1	C446_RS15050	WP_006673985.1	NZ_AOMA01000160.1	18324	19416
GCF_000979685.1	DU55_RS01140	WP_015411513.1	NZ_JJPP01000011.1	67559	71087
GCF_000969985.1	MSBRW_RS10215	WP_011307747.1	NZ_CP009526.1	2436388	2437498
GCF_002494345.1	CP557_RS04910	WP_097378877.1	NZ_NXNI01000001.1	970210	973783
GCF_000015765.1	MLAB_RS05360	WP_011833384.1	NC_008942.1	1018366	1021816
GCF_900109695.1	BMX47_RS01505	WP_074791476.1	NZ_FOAD01000001.1	287014	290713
GCF_000196895.1	HACJB3_RS12645	WP_008415932.1	NC_014297.1	2412717	2416305
GCF_002572525.1	CP556_RS16145	WP_098726550.1	NZ_PDBS01000001.1	3254901	3255993
GCF_900156475.1	BW940_RS05520	WP_076608208.1	NZ_FTNR01000003.1	57191	58283
GCF_000485535.1	HALJE_RS11150	WP_008415932.1	NZ_AXZD01000011.1	3022	6610
GCF_000403645.1	L593_RS02265	WP_020445296.1	NC_021313.1	465659	466760
GCF_000008665.1	AF_RS07850	WP_010879055.1	NC_000917.1	1401596	1405067
GCF_900110455.1	BMY29_RS13995	WP_049990955.1	NZ_FOIS01000003.1	810955	812680
GCF_001647155.1	AV929_RS22605	WP_230458853.1	NZ_LRHL01000014.1	2108	2372
GCF_000979735.1	DU61_RS16000	WP_015411513.1	NZ_JJPQ01000175.1	15673	19201
GCF_000970225.1	MSMAL_RS15085	WP_048041106.1	NZ_CP009513.1	3508451	3509561
GCF_900100385.1	BLR34_RS05545	WP_092700331.1	NZ_FNFC01000004.1	150906	154476
GCF_000404165.1	ABM4_RS07335	WP_016359043.1	NC_021355.1	1719173	1720289
GCF_002214465.1	A3L01_RS04595	WP_088864698.1	NZ_CP015101.1	839895	841056
GCF_000337035.1	C464_RS19400	WP_006113650.1	NZ_AOJL01000042.1	31615	32701
GCF_000685395.1	NKMY2_RS09795	WP_042687873.1	NZ_AVSQ01000023.1	12553	13660
GCF_000217715.1	HALXA_RS15715	WP_013881378.1	NC_015666.1	3229502	3233093
GCF_000980135.1	DU84_RS11205	WP_015411513.1	NZ_JJQZ01000108.1	11110	14638
GCF_000979975.1	EO93_RS06310	WP_048161494.1	NZ_JJQL01000038.1	109633	110743
GCF_001560465.1	ATZ09_RS06460	WP_011278152.1	NZ_LPSC01000011.1	9733	10894
GCF_001602375.1	MCUHO_RS01705	WP_067072692.1	NZ_BCNY01000008.1	113756	114845
GCF_000979095.1	DU42_RS10130	WP_048039129.1	NZ_JJPX01000114.1	46189	49717
GCF_000008265.1	PTO_RS04530	WP_011177657.1	NC_005877.1	872120	875573
GCF_000979185.1	DU71_RS16825	WP_048038739.1	NZ_JJQI01000120.1	25586	26696
GCF_000336755.1	C453_RS05540	WP_008323221.1	NZ_AOLK01000012.1	33079	36733
GCF_000025665.1	ABOO_RS03720	WP_008082533.1	NC_013926.1	707187	708276
GCF_001647155.1	AV929_RS13455	WP_008309777.1	NZ_LRHL01000042.1	195113	196220
GCF_000009185.1	HQ_RS01380	WP_011570554.1	NC_008212.1	351903	355500
GCF_900106905.1	BLV44_RS07850	WP_072560390.1	NZ_FNMU01000005.1	5966	7070
GCF_000337255.1	C497_RS10010	WP_008416630.1	NZ_AOHV01000027.1	237309	238401
GCF_900215575.1	CRO01_RS02650	WP_097007563.1	NZ_OBEJ01000001.1	511060	512152
GCF_001469955.1	AUR64_RS02785	WP_058580432.1	NZ_LOPU01000013.1	67508	68609
GCF_000213215.1	AHOS_RS07350	WP_187287305.1	NC_015518.1	1283642	1284806
GCF_000979635.1	DU45_RS02615	WP_015411513.1	NZ_JJPK01000014.1	155884	159412
GCF_000011005.1	MCP_RS05880	WP_012899910.1	NC_013665.1	1144416	1145517
GCF_900112205.1	BM113_RS14755	WP_089788820.1	NZ_FOKW01000007.1	231132	232224
GCF_000421805.1	H617_RS08300	WP_049931493.1	NZ_ATXS01000005.1	172550	176132
GCF_900110865.1	BMX07_RS02395	WP_090613149.1	NZ_FOFD01000001.1	485237	486329
GCF_000021965.1	MPAL_RS10975	WP_012618811.1	NC_011832.1	2336387	2337476
GCF_000979505.1	DU30_RS04640	WP_015411513.1	NZ_JJPC01000046.1	11187	14715
GCF_000015225.1	TPEN_RS03450	WP_011752334.1	NC_008698.1	617951	619091
GCF_000969905.1	MSVAZ_RS10765	WP_048120869.1	NZ_CP009520.1	2601192	2602302
GCF_001861355.1	BBD46_RS14800	WP_071402472.1	NZ_MASN01000040.1	7706	8795
GCF_000336795.1	C456_RS08930	WP_004063241.1	NZ_AOLH01000015.1	124406	125507
GCF_000827835.1	SG26_RS03480	WP_050036854.1	NZ_CP010529.1	723686	727274
GCF_000336695.1	C448_RS13525	WP_004055547.1	NZ_AOMC01000152.1	144911	146012
GCF_001433455.1	TBCH5v1_RS03425	WP_056933520.1	NZ_CP013050.1	609144	610290
GCF_000969965.1	MSWHS_RS11085	WP_048129883.1	NZ_CP009503.1	2543464	2546992
GCF_001723155.1	BG842_RS13435	WP_069451119.1	NZ_MEIH01000283.1	14985	16080
GCF_000979995.1	DU74_RS04460	WP_048039129.1	NZ_JJQN01000055.1	15600	19128
GCF_000243255.1	METLIM_RS15505	WP_004077226.1	NZ_CM001436.1	1409374	1413043
GCF_000336735.1	C452_RS07235	WP_006600619.1	NZ_AOLL01000011.1	416435	420158
GCF_000336635.1	C444_RS12030	WP_004593132.1	NZ_AOLY01000037.1	167082	168189
GCF_000317795.1	CALAG_RS06805	WP_015232998.1	NC_019791.1	1372080	1373238
GCF_900004275.1	CHX37_RS03930	WP_059056476.1	NZ_CEMZ01000001.1	740138	741248
GCF_900248165.1	NCAV_RS05175	WP_197706576.1	NZ_LT981265.1	983065	984706
GCF_000025865.1	MMAH_RS02515	WP_013036975.1	NC_014002.1	524760	525864
GCF_900198835.1	CS910_RS08825	WP_099211271.1	NZ_LT900021.1	1617972	1621539
GCF_900103715.1	BLR57_RS03785	WP_089694280.1	NZ_FNHL01000001.1	734572	738160
GCF_000969945.1	MSKOL_RS10780	WP_048120869.1	NZ_CP009524.1	2607254	2608364
GCF_000337515.1	C479_RS03015	WP_007697625.1	NZ_AOIQ01000006.1	411098	414671
GCF_000337715.1	C494_RS17940	WP_006067800.1	NZ_AOHY01000056.1	30537	31629
GCF_000979115.1	DU58_RS00060	WP_015411513.1	NZ_JJQD01000001.1	11188	14716
GCF_001560285.1	ATZ00_RS08065	WP_011278152.1	NZ_LPRT01000007.1	9251	10412
GCF_000513315.1	TX93_RS04870	WP_042703152.1	NZ_HG794426.1	1121276	1122359
GCF_000336695.1	C448_RS00440	WP_004051060.1	NZ_AOMC01000014.1	3916	7489
GCF_000685155.1	ANME2D_RS06865	WP_048090054.1	NZ_JMIY01000003.1	54402	57768
GCF_000979265.1	DU80_RS02520	WP_015411513.1	NZ_JJQU01000037.1	9693	13221
GCF_000979345.1	DU47_RS04795	WP_048038739.1	NZ_JJOS01000026.1	7567	8677
GCF_002214365.1	A3L02_RS08455	WP_088863493.1	NZ_CP014854.1	1549714	1550875
GCF_000979105.1	DU44_RS02075	WP_015411513.1	NZ_JJQA01000017.1	9705	13233
GCF_000979105.1	DU44_RS14840	WP_015412464.1	NZ_JJQA01000107.1	12156	13233
GCF_900110215.1	BMX17_RS03420	WP_092657663.1	NZ_FOCX01000002.1	274060	277648
GCF_000970285.1	MSHOH_RS15485	WP_048140975.1	NZ_CP009516.1	3526245	3527355
GCF_000978955.1	DU34_RS07320	WP_048038739.1	NZ_JJOU01000107.1	29863	30973
GCF_001266735.1	MsedE_RS08940	WP_012021697.1	NZ_CP012176.1	1691587	1692748
GCF_000024625.1	METVU_RS02690	WP_015732626.1	NC_013407.1	515781	519300
GCF_000091665.1	MJ_RS01945	WP_010869868.1	NC_000909.1	334927	336037
GCF_001971705.1	BB347_RS02395	WP_076580160.1	NZ_CP019327.1	489256	492844
GCF_001663375.1	AAX04_RS02530	WP_066793502.1	NZ_LCTF01000005.1	82716	83826
GCF_000243315.1	METMK1DRAFT_RS12985	WP_009074921.1	NZ_JH597770.1	403575	404736
GCF_002201895.1	BW921_RS04235	WP_148688699.1	NZ_CP019436.1	745031	746072
GCF_000979455.1	EO98_RS14465	WP_048137907.1	NZ_JJOY01000048.1	148729	152257
GCF_000337655.1	C490_RS04575	WP_005577267.1	NZ_AOIC01000039.1	1656	3942
GCF_000585495.1	BD01_RS04380	WP_042690512.1	NZ_CP007264.1	795211	798778
GCF_000979495.1	DU52_RS13100	WP_015411513.1	NZ_JJPA01000192.1	49204	52732
GCF_900107195.1	BLU74_RS06410	WP_089766448.1	NZ_FNPB01000003.1	176091	177186
GCF_000979925.1	DU85_RS16685	WP_015411513.1	NZ_JJQJ01000222.1	6556	10084
GCF_000337295.1	C439_RS07105	WP_004057578.1	NZ_AOLO01000007.1	265248	268947
GCF_000013445.1	MHUN_RS10800	WP_048067463.1	NC_007796.1	2357673	2361384
GCF_001560045.1	ATY87_RS05815	WP_011278152.1	NZ_LPRH01000007.1	9739	10900
GCF_000336655.1	C445_RS13470	WP_007142441.1	NZ_AOLZ01000043.1	146186	149771
GCF_900114455.1	BM083_RS09365	WP_089868827.1	NZ_FOTC01000002.1	220648	224230
GCF_002813655.1	BK007_RS01695	WP_100904828.1	NZ_CP017766.1	336890	337946
GCF_000336935.1	C450_RS09890	WP_005043156.1	NZ_AOME01000054.1	31743	32982
GCF_000970265.1	MSLAZ_RS15210	WP_048128122.1	NZ_CP009515.1	3648620	3652148
GCF_000006805.1	VNG_RS01350	WP_010902208.1	NC_002607.1	268898	272471
GCF_000979555.1	DU41_RS01525	WP_015411513.1	NZ_JJPE01000009.1	9693	13221
GCF_000979555.1	DU41_RS03700	WP_048036527.1	NZ_JJPE01000039.1	12606	13221
GCF_000978945.1	DU49_RS01700	WP_015411513.1	NZ_JJPB01000018.1	9766	13294
GCF_002355655.1	CPZ01_RS01445	WP_096393086.1	NZ_AP017569.1	304576	305662
GCF_900100875.1	BLS11_RS11465	WP_092537586.1	NZ_FNKQ01000003.1	148971	152643
GCF_000979125.1	DU60_RS05305	WP_015411513.1	NZ_JJQE01000043.1	9705	13233
GCF_000769655.1	TEU_RS10155	WP_050003676.1	NZ_CP008887.1	1893843	1897410
GCF_000970205.1	MSMAS_RS01430	WP_011032980.1	NZ_CP009512.1	347662	351190
GCF_001560815.1	ATZ27_RS02695	WP_011278152.1	NZ_LPST01000001.1	504864	506025
GCF_001559975.1	ATY83_RS02990	WP_011278152.1	NZ_LPRD01000001.1	589888	591049
GCF_001729965.1	NL43_RS01265	WP_069592180.1	NZ_JRWK01000002.1	44923	45994
GCF_001261915.1	SD626R_RS09120	WP_092565892.1	NZ_CVRT01000082.1	28197	29283
GCF_000337475.1	C476_RS09710	WP_008012378.1	NZ_AOIT01000035.1	50069	51161
GCF_000337535.1	C480_RS14345	WP_006666334.1	NZ_AOIP01000032.1	61696	62788
GCF_000430485.1	THEPK_RS10510	WP_042702294.1	NZ_KE387150.1	421483	422629
GCF_900110215.1	BMX17_RS15360	WP_092661650.1	NZ_FOCX01000015.1	25893	26997
GCF_001560385.1	ATZ05_RS07385	WP_011278152.1	NZ_LPRY01000011.1	9710	10871
GCF_000956175.1	NADRNF5_RS02315	WP_048115275.1	NZ_CP011070.1	395154	396273
GCF_002116695.1	B6F84_RS11585	WP_148692383.1	NZ_CP020477.1	2215610	2216771
GCF_002252725.1	DJ83_RS01260	WP_089308002.1	NZ_NHOW01000024.1	1146	4728
GCF_002252725.1	DJ83_RS18370	WP_094580723.1	NZ_NHOW01000230.1	1929	4728
GCF_900107195.1	BLU74_RS01665	WP_089764440.1	NZ_FNPB01000001.1	322175	325775
GCF_000281695.1	NJ7G_RS15935	WP_014865458.1	NC_018224.1	3285599	3289172
GCF_900103505.1	BLT27_RS09450	WP_089733211.1	NZ_FNIA01000009.1	23793	27381
GCF_000979595.1	DU64_RS14885	WP_015411513.1	NZ_JJPJ01000125.1	67546	71074
GCF_001560795.1	ATZ26_RS10955	WP_011278152.1	NZ_LPSS01000002.1	589247	590408
GCF_000011105.1	PH_RS08485	WP_010885860.1	NC_000961.1	1563058	1566598
GCF_001560515.1	ATZ11_RS06225	WP_011278152.1	NZ_LPSE01000003.1	9749	10910
GCF_000979595.1	DU64_RS08950	WP_011034342.1	NZ_JJPJ01000069.1	8084	9194
GCF_000970325.1	MCMEM_RS10700	WP_048206090.1	NZ_CP009518.1	2178026	2181551
GCF_000337555.1	C481_RS03170	WP_152422142.1	NZ_AOIO01000010.1	4513	4903
GCF_000337555.1	C481_RS14740	WP_006110061.1	NZ_AOIO01000034.1	1333	4903
GCF_000979755.1	DU69_RS09160	WP_048041955.1	NZ_JJPT01000081.1	9882	13410
GCF_002855455.1	CYV19_RS01330	WP_005580774.1	NZ_PKKI01000002.1	140359	143950
GCF_900156425.1	BW974_RS07945	WP_076429537.1	NZ_FTNO01000001.1	1505226	1506318
GCF_000336675.1	C447_RS14670	WP_007695276.1	NZ_AOMB01000041.1	128289	131856
GCF_001315945.1	JCM10550_RS04225	WP_062397215.1	NZ_BBBG01000003.1	118860	119925
GCF_000336875.1	C463_RS10135	WP_008443377.1	NZ_AOJK01000050.1	53364	56946
GCF_000828575.1	MTCT_RS04630	WP_048175631.1	NZ_AP011952.1	904050	905112
GCF_000299365.1	NKOR_RS03360	WP_014962958.1	NC_018655.1	577462	580987
GCF_000739065.1	JH146_RS07450	WP_048202378.1	NZ_CP009149.1	1399965	1403475
GCF_000214415.1	METIG_RS04170	WP_013798991.1	NC_015562.1	861249	862347
GCF_001418715.1	AMR53_RS05700	WP_055429329.1	NZ_LIXN01000008.1	84168	85329
GCF_000731985.1	ALTAJ2_RS12575	WP_007107797.1	NZ_JNCS01000006.1	137641	141214
GCF_001266695.1	MsedC_RS08930	WP_012021697.1	NZ_CP012174.1	1691585	1692746
GCF_000430905.1	H575_RS00030	WP_042696338.1	NZ_AUMX01000001.1	5225	6323
GCF_000063445.1	RCI_RS15240	WP_012037336.1	NC_009464.1	3106108	3107209
GCF_000145295.1	MTBMA_RS06790	WP_013296189.1	NC_014408.1	1281524	1282586
GCF_900100715.1	BLP52_RS12910	WP_091710904.1	NZ_FNCA01000011.1	55837	59362
GCF_000980055.1	DU86_RS07495	WP_015411513.1	NZ_JJQR01000079.1	56319	59847
GCF_001315945.1	JCM10550_RS04205	WP_062397206.1	NZ_BBBG01000003.1	115356	116268
GCF_002252895.1	DJ75_RS12865	WP_094524854.1	NZ_NHPE01000114.1	1069	4648
GCF_000337835.1	C441_RS14280	WP_007275714.1	NZ_AOLM01000024.1	15073	18775
GCF_002214385.1	A3K92_RS04205	WP_088885072.1	NZ_CP014855.1	741289	742447
GCF_000980025.1	DU87_RS00585	WP_015411513.1	NZ_JJQQ01000006.1	10611	14139
GCF_000337255.1	C497_RS07590	WP_008415932.1	NZ_AOHV01000024.1	142691	146279
GCF_000337075.1	C467_RS03925	WP_008581985.1	NZ_AOJO01000018.1	159912	163497
GCF_900100335.1	BLT08_RS06695	WP_090306033.1	NZ_FNFE01000002.1	89877	93465
GCF_000970205.1	MSMAS_RS12210	WP_011034342.1	NZ_CP009512.1	2861432	2862542
GCF_900012635.1	CHITON_RS09070	WP_068578724.1	NZ_LN999010.1	1678061	1679210
GCF_900100715.1	BLP52_RS08590	WP_091710075.1	NZ_FNCA01000005.1	86758	87946
GCF_001560305.1	ATZ01_RS05860	WP_011278152.1	NZ_LPRU01000006.1	9692	10853
GCF_001280425.1	AMS69_RS08470	WP_053967624.1	NZ_LIUF01000002.1	637653	641247
GCF_000685635.1	BM92_RS05740	WP_004057578.1	NZ_CP007551.1	1130760	1134459
GCF_000979035.1	DU66_RS01055	WP_011034342.1	NZ_JJPU01000008.1	25365	26475
GCF_000495475.1	K933_RS07735	WP_023394147.1	NZ_ASGZ01000026.1	78861	79977
GCF_002215565.1	B6A19_RS06370	WP_011278152.1	NZ_CP020364.1	1117750	1118911
GCF_000186365.1	DESMU_RS06120	WP_013562722.1	NC_014961.1	1154168	1155473
GCF_000979575.1	DU38_RS17155	WP_048038739.1	NZ_JJPG01000159.1	28388	29498
GCF_001469875.2	AUR65_RS14800	WP_058567593.1	NZ_LOPW02000017.1	513475	514576
GCF_000013445.1	MHUN_RS00120	WP_011447100.1	NC_007796.1	35213	38654
GCF_000223905.1	HAH_RS10580	WP_014040901.1	NC_015948.1	2106722	2110310
GCF_001888095.1	MPF_RS07860	WP_072360762.1	NZ_JWTK01000004.1	218652	222174
GCF_001647155.1	AV929_RS06080	WP_064287722.1	NZ_LRHL01000012.1	236568	240156
GCF_900095385.1	L21_RS11190	WP_074370551.1	NZ_FMID01000055.1	9376	10465
GCF_001577775.1	TQ32_RS09070	WP_068323719.1	NZ_CP010835.1	1646676	1647825
GCF_001639275.1	MBORA_RS09435	WP_042691547.1	NZ_LWMU01000125.1	8732	9830
GCF_000495475.1	K933_RS13835	WP_023395366.1	NZ_ASGZ01000058.1	23530	27118
GCF_000302455.1	A994_RS05130	WP_004030269.1	NZ_AMPO01000003.1	223287	224343
GCF_001368915.1	BN996_RS11355	WP_089779096.1	NZ_CSTE01000002.1	1422668	1426367
GCF_000979095.1	DU42_RS01305	WP_048038524.1	NZ_JJPX01000014.1	41154	42234
GCF_000204415.1	MCON_RS10385	WP_013719925.1	NC_015416.1	2095915	2099431
GCF_000337555.1	C481_RS07740	WP_006108609.1	NZ_AOIO01000021.1	248479	249571
GCF_000980105.1	DU79_RS10230	WP_015411513.1	NZ_JJQX01000159.1	11187	14715
GCF_002252755.1	DJ81_RS17305	WP_094590793.1	NZ_NHOY01000122.1	6376	9964
GCF_900012635.1	CHITON_RS10505	WP_068579205.1	NZ_LN999010.1	1904102	1907624
GCF_001861355.1	BBD46_RS16000	WP_071402686.1	NZ_MASN01000041.1	125542	129112
GCF_000024305.1	LD85_RS06320	WP_012711262.1	NC_013769.1	1203331	1204501
GCF_900100715.1	BLP52_RS08575	WP_091710072.1	NZ_FNCA01000005.1	81368	82808
GCF_000979935.1	DU72_RS03660	WP_015411513.1	NZ_JJQK01000047.1	9693	13221
GCF_000979935.1	DU72_RS19265	WP_015411850.1	NZ_JJQK01000229.1	13065	13221
GCF_000970185.1	MSMAP_RS01455	WP_048042641.1	NZ_CP009511.1	350637	354165
GCF_000504205.1	METTI_RS08565	WP_023845424.1	NZ_AZAJ01000001.1	1777132	1780657
GCF_900156475.1	BW940_RS13200	WP_076609684.1	NZ_FTNR01000009.1	115598	119189
GCF_000025525.1	MFS40622_RS05735	WP_012980744.1	NC_013887.1	1129228	1130338
GCF_001559985.1	ATY85_RS03420	WP_011278152.1	NZ_LPRF01000002.1	493931	495092
GCF_000011185.1	TVG_RS04340	WP_010917065.1	NC_002689.2	827723	831149
GCF_001412615.1	Pyrde_RS08560	WP_197272677.1	NZ_CP013011.1	1700378	1701548
GCF_002287195.1	ASJ82_RS05340	WP_095608900.1	NZ_LMVN01000021.1	83773	84844
GCF_001261915.1	SD626R_RS10380	WP_092566295.1	NZ_CVRT01000096.1	28198	31789
GCF_000404225.1	H729_RS07810	WP_020449466.1	NC_021353.1	1639014	1642620
GCF_002156965.1	NMSP_RS04935	WP_086907726.1	NZ_CP021324.1	821419	824947
GCF_000211475.1	PNA2_RS02060	WP_013747872.1	NC_015474.1	331657	335194
GCF_001560635.1	ATZ17_RS06065	WP_011278152.1	NZ_LPSK01000003.1	9728	10889
GCF_000979595.1	DU64_RS15605	WP_048038524.1	NZ_JJPJ01000138.1	38775	39855
GCF_000009185.1	HQ_RS08445	WP_011571881.1	NC_008212.1	1940144	1941239
GCF_900107205.1	BLV25_RS12085	WP_092733584.1	NZ_FNPC01000007.1	60190	63367
GCF_000979045.1	DU56_RS14735	WP_011034342.1	NZ_JJPW01000110.1	25341	26451
GCF_000304355.2	BN140_RS02755	WP_014866457.1	NC_018227.2	559365	562809
GCF_000379085.1	HALKA_RS0110620	WP_018257970.1	NZ_KB905378.1	2007701	2011280
GCF_000336815.1	C457_RS03595	WP_008092059.1	NZ_AOLG01000009.1	231362	235070
GCF_000979975.1	EO93_RS01630	WP_048131575.1	NZ_JJQL01000007.1	118669	122197
GCF_000264495.1	TCELL_RS01530	WP_014736968.1	NC_017954.1	281878	283171
GCF_001305655.1	HLASA_RS07260	WP_050048683.1	NZ_CP011564.1	1453282	1454362
GCF_000730175.1	ATB1_RS06305	WP_042662741.1	NZ_JPES01000039.1	27759	29469
GCF_000979845.1	DU48_RS07045	WP_015411513.1	NZ_JJQB01000052.1	165224	168752
GCF_000979585.1	DU36_RS12440	WP_015411513.1	NZ_JJPH01000110.1	49812	53340
GCF_900112205.1	BM113_RS02275	WP_089785556.1	NZ_FOKW01000001.1	465869	469454
GCF_000011085.1	RR_RS11335	WP_011223756.1	NC_006396.1	1467608	1471196
GCF_002215485.1	B6A17_RS06645	WP_011278152.1	NZ_CP020362.1	1159525	1160686
GCF_001315945.1	JCM10550_RS04220	WP_083475293.1	NZ_BBBG01000003.1	117814	118729
GCF_000421805.1	H617_RS01380	WP_049929589.1	NZ_ATXS01000001.1	282996	284082
GCF_000970165.1	MSMAW_RS11175	WP_048041106.1	NZ_CP009509.1	2640366	2641476
GCF_900110455.1	BMY29_RS09015	WP_049988979.1	NZ_FOIS01000002.1	733708	737299
GCF_000336795.1	C456_RS14455	WP_004064972.1	NZ_AOLH01000023.1	77955	81678
GCF_000337615.1	C487_RS15935	WP_006186851.1	NZ_AOII01000091.1	54155	55247
GCF_002153915.1	AMET1_RS04630	WP_086637299.1	NZ_MRZU01000003.1	688002	689085
GCF_000258515.1	TZI_RS0101720	WP_010477478.1	NZ_AJLF01000001.1	309240	312819
GCF_001485575.1	AV059_RS12280	WP_058994775.1	NZ_BCNB01000006.1	1513795	1517383
GCF_000979045.1	DU56_RS10270	WP_015411513.1	NZ_JJPW01000069.1	9693	13221
GCF_001482285.1	AM590_RS09355	WP_058827245.1	NZ_LOEP01000021.1	56967	60663
GCF_000980135.1	DU84_RS16010	WP_011034342.1	NZ_JJQZ01000143.1	25596	26706
GCF_002952775.1	AArcSl_RS03610	WP_119815168.1	NZ_CP025066.1	744113	745208
GCF_000025665.1	ABOO_RS06960	WP_008084049.1	NC_013926.1	1319526	1323063
GCF_000493245.1	WQ9_RS07100	WP_008452118.1	NZ_AJVG01000005.1	44832	45924
GCF_000979745.1	DU59_RS00845	WP_048039129.1	NZ_JJPS01000009.1	11052	14580
GCF_002379115.1	B9H03_RS16575	WP_167373125.1	NZ_NDWV01000051.1	269	2228
GCF_000979735.1	DU61_RS03760	WP_048038739.1	NZ_JJPQ01000033.1	33739	34849
GCF_000275605.1	PFC_RS09260	WP_014835559.1	NC_018092.1	1702516	1706050
GCF_000710605.1	HL44_RS15800	WP_015298872.1	NZ_JDTG01000014.1	1239662	1240754
GCF_000025325.1	HTUR_RS06580	WP_012942535.1	NC_013743.1	1391237	1394828
GCF_000970125.1	MSSIH_RS19035	WP_148706020.1	NZ_CP009507.1	4503675	4507203
GCF_000007065.1	MM_RS05360	WP_011032980.1	NC_003901.1	1203331	1206859
GCF_900167955.1	C0Q33_RS01935	WP_101476915.1	NZ_FUYK01000003.1	164720	168245
GCF_000632495.1	CM19_RS04825	WP_048099318.1	NZ_JFZT01000039.1	62923	64084
GCF_000739595.1	ACP96_RS07910	WP_050032918.1	NZ_BBJP01000023.1	32207	35801
GCF_900156445.1	BW960_RS11875	WP_076582214.1	NZ_FTNP01000003.1	325709	326801
GCF_000152265.2	FACI_RS07845	WP_009887610.1	NC_021592.1	1535257	1538728
GCF_000337355.1	C468_RS11625	WP_008849088.1	NZ_AOJH01000073.1	4001	7586
GCF_900188075.1	CHB78_RS15885	WP_167373125.1	NZ_FZNK01000014.1	10426	12385
GCF_000978965.1	DU33_RS15220	WP_015411513.1	NZ_JJPI01000141.1	11962	15490
GCF_002114285.1	B9H04_RS03905	WP_049931708.1	NZ_NEDJ01000008.1	4087	4738
GCF_002114285.1	B9H04_RS05860	WP_085682531.1	NZ_NEDJ01000014.1	1156	4738
GCF_000337315.1	C498_RS14770	WP_004044246.1	NZ_AOHU01000097.1	145043	148766
GCF_000517445.1	TES1_RS03485	WP_042680259.1	NZ_CP006965.1	628583	629729
GCF_000338775.1	SACRON12I_RS06275	WP_011278152.1	NC_020247.1	1117757	1118918
GCF_002761295.1	BKM01_RS00745	WP_072360762.1	NZ_CP017881.1	139939	143461
GCF_000337495.1	C477_RS06710	WP_008893698.1	NZ_AOIS01000027.1	37019	38309
GCF_000337495.1	C477_RS19195	WP_008896213.1	NZ_AOIS01000061.1	36347	38309
GCF_000337695.1	C492_RS20545	WP_008427167.1	NZ_AOIA01000164.1	15363	18945
GCF_000765475.1	LI82_RS10815	WP_048195686.1	NZ_JRHO01000014.1	729975	733500
GCF_000379085.1	HALKA_RS0112205	WP_018258263.1	NZ_KB905378.1	2323428	2324529
GCF_002844335.1	BVU17_RS05735	WP_101349792.1	NZ_CP019154.1	1097285	1098392
GCF_001748385.1	BJI50_RS00850	WP_069806501.1	NZ_BCLI01000001.1	165772	166855
GCF_002177135.1	B2G88_RS09620	WP_087714643.1	NZ_MWPH01000002.1	662896	666469
GCF_002215305.1	BJD24_RS02895	WP_012659764.1	NZ_MKFG01000001.1	572101	575683
GCF_000979855.1	DU65_RS03305	WP_015411513.1	NZ_JJQC01000029.1	114214	117742
GCF_900108165.1	C4S66_RS15455	WP_103992803.1	NZ_FNVN01000006.1	85011	88614
GCF_000337275.1	C436_RS01720	WP_004957525.1	NZ_AOLR01000003.1	3835	7423
GCF_900069765.1	BN3992_RS07570	WP_086975971.1	NZ_FJNF01000155.1	74581	78052
GCF_000337695.1	C492_RS15845	WP_008425457.1	NZ_AOIA01000136.1	11635	12392
GCF_000979275.1	DU82_RS02130	WP_015411513.1	NZ_JJQV01000017.1	11186	14714
GCF_000979825.1	DU62_RS07440	WP_015411513.1	NZ_JJPZ01000075.1	9693	13221
GCF_900114435.1	BM337_RS08340	WP_089815917.1	NZ_FOZK01000002.1	168293	170324
GCF_000979425.1	EO94_RS02885	WP_048137907.1	NZ_JJOX01000022.1	150394	153922
GCF_000258515.1	TZI_RS0105145	WP_010478702.1	NZ_AJLF01000001.1	938663	939821
GCF_900115785.1	BM282_RS04260	WP_089877061.1	NZ_FOYS01000001.1	820216	823810
GCF_000193375.1	TUZN_RS02345	WP_052886021.1	NC_015315.1	425638	426742
GCF_000970165.1	MSMAW_RS01450	WP_048039129.1	NZ_CP009509.1	352603	356131
GCF_002252965.1	DJ73_RS11310	WP_094524854.1	NZ_NHPG01000092.1	13867	17446
GCF_900177045.1	BQ3481_RS02125	WP_157926761.1	NZ_LT841358.1	340731	344256
GCF_000336835.1	C459_RS10460	WP_008578393.1	NZ_AOLE01000021.1	<0	3091
GCF_000337175.1	C486_RS15130	WP_008457594.1	NZ_AOIJ01000061.1	191184	194757
GCF_000978935.1	DU39_RS14370	WP_048038739.1	NZ_JJPF01000122.1	28436	29546
GCF_002286985.1	CK500_RS00180	WP_095635250.1	NZ_NSKC01000001.1	36746	40340
GCF_000337195.1	C489_RS01835	WP_006429405.1	NZ_AOID01000005.1	194456	198029
GCF_000299395.1	NSED_RS03410	WP_026090049.1	NC_018656.1	554621	558146
GCF_000493245.1	WQ9_RS05235	WP_049899780.1	NZ_AJVG01000003.1	166195	169768
GCF_000025505.1	FERP_RS07585	WP_012966015.1	NC_013849.1	1308758	1312259
GCF_000755225.1	ACP98_RS10155	WP_049994361.1	NZ_BBMO01000002.1	28703	32276
GCF_900100715.1	BLP52_RS08585	WP_091710074.1	NZ_FNCA01000005.1	83402	86762
GCF_000455365.1	TX80_RS09465	WP_049922856.1	NZ_HG315685.1	727956	731529
GCF_000023965.1	HMUK_RS13230	WP_015763675.1	NC_013202.1	2613764	2614865
GCF_900112175.1	BM310_RS04525	WP_089805015.1	NZ_FOYT01000001.1	863963	867560
GCF_001190965.1	ABY42_RS03270	WP_050458712.1	NZ_CP011947.1	607825	611527
GCF_001458655.1	MB9_RS08240	WP_231863049.1	NZ_LN734822.1	1734760	1738651
GCF_900177455.1	B9Y52_RS02670	WP_072359231.1	NZ_FXBN01000001.1	525223	526327
GCF_000979175.1	DU50_RS01610	WP_015411513.1	NZ_JJQH01000021.1	11186	14714
GCF_000025685.1	HVO_RS08015	WP_004044246.1	NC_013967.1	617590	621313
