GCF_000020905.1	DKAM_RS06165	WP_012608932.1	NC_011766.1	1183702	1184677
GCF_000970205.1	MSMAS_RS05415	WP_011032229.1	NZ_CP009512.1	1219255	1221058
GCF_000018465.1	NMAR_RS05065	WP_012215327.1	NC_010085.1	821860	823369
GCF_000762265.1	BRM9_RS08275	WP_048085403.1	NZ_CP006933.1	1682535	1684356
GCF_000970325.1	MCMEM_RS00975	WP_048206281.1	NZ_CP009518.1	195211	195937
GCF_001266675.1	MsedB_RS06965	WP_012021323.1	NZ_CP012173.1	1353481	1355455
GCF_000470655.1	HTIA_RS13915	WP_206772041.1	NC_021913.1	13614	16224
GCF_000215995.1	PYCH_RS04705	WP_013905700.1	NC_015680.1	844931	847109
GCF_000007345.1	MA_RS01020	WP_011020247.1	NC_003552.1	225244	228481
GCF_000189555.1	SIRE_RS05715	WP_014512600.1	NC_017276.1	1087263	1088946
GCF_000403645.1	L593_RS06260	WP_049893911.1	NC_021313.1	1357461	1359222
GCF_001481685.1	EYM_RS06190	WP_075050183.1	NZ_CP006867.1	1112419	1114648
GCF_000011105.1	PH_RS00955	WP_010884318.1	NC_000961.1	185162	186497
GCF_000196655.1	METEV_RS02335	WP_013193950.1	NC_014253.1	463060	463789
GCF_000211475.1	PNA2_RS03700	WP_048055241.1	NC_015474.1	647848	649183
GCF_000970265.1	MSLAZ_RS07440	WP_048125679.1	NZ_CP009515.1	1771296	1772706
GCF_000970225.1	MSMAL_RS08685	WP_048040442.1	NZ_CP009513.1	2037696	2040558
GCF_000204415.1	MCON_RS12120	WP_013720248.1	NC_015416.1	2424703	2427145
GCF_900083515.1	CSP5_RS07090	WP_021790094.1	NZ_LT671858.1	1444741	1446013
GCF_000385565.1	ASULF_RS06670	WP_015590944.1	NC_021169.1	1223533	1227280
GCF_000970225.1	MSMAL_RS14895	WP_011034304.1	NZ_CP009513.1	3468552	3471033
GCF_000022205.1	HLAC_RS18165	WP_015911602.1	NC_012028.1	473007	481287
GCF_000151105.2	TERMP_RS03550	WP_237702860.1	NC_014804.1	615943	616927
GCF_000012545.1	MSP_RS02355	WP_011406068.1	NC_007681.1	548191	550435
GCF_000235565.1	MHAR_RS11365	WP_014587761.1	NC_017527.1	2396035	2398474
GCF_000730285.1	NTE_RS03980	WP_158385073.1	NZ_CP007174.1	779284	780751
GCF_000328665.1	METHO_RS12800	WP_015313936.1	NC_019972.1	231738	233997
GCF_000069025.1	OE_RS13330	WP_012289603.1	NC_010367.1	6579	7989
GCF_000012545.1	MSP_RS06090	WP_011406805.1	NC_007681.1	1398809	1400561
GCF_000172995.2	HBOR_RS06300	WP_006054114.1	NC_014729.1	1205402	1207523
GCF_000221185.1	GQS_RS07770	WP_014013135.1	NC_015865.1	1482385	1485853
GCF_000304355.2	BN140_RS04650	WP_014866822.1	NC_018227.2	965036	967370
GCF_000275605.1	PFC_RS02325	WP_011011760.1	NC_018092.1	456203	458180
GCF_000328525.1	HALRU_RS07645	WP_015300824.1	NC_019964.1	1622400	1625295
GCF_000008645.1	MTH_RS06770	WP_010877027.1	NC_000916.1	1281076	1283293
GCF_000022425.1	M1627_RS06565	WP_012718794.1	NC_012632.1	1286123	1287806
GCF_000970045.1	MSMTP_RS06920	WP_048178385.1	NZ_CP009505.1	1621931	1623902
GCF_000217995.1	MZHIL_RS07210	WP_013898713.1	NC_015676.1	1542767	1544300
GCF_000025625.1	NMAG_RS07360	WP_004217375.1	NC_013922.1	1563349	1563997
GCF_000327485.1	METFOR_RS13895	WP_015286793.1	NC_019943.1	2747264	2749586
GCF_000470655.1	HTIA_RS06765	WP_008526186.1	NC_021921.1	1348405	1349818
GCF_000013445.1	MHUN_RS06095	WP_011448188.1	NC_007796.1	1316543	1318472
GCF_000698785.1	NVIE_RS04475	WP_075054216.1	NZ_CP007536.1	768690	771900
GCF_000013445.1	MHUN_RS08735	WP_011448666.1	NC_007796.1	1893512	1896659
GCF_000026045.1	NP_RS12670	WP_011324273.1	NC_007426.1	2497012	2499037
GCF_000025505.1	FERP_RS03755	WP_012965266.1	NC_013849.1	656849	658181
GCF_000970045.1	MSMTP_RS11990	WP_048179712.1	NZ_CP009505.1	2898532	2901016
GCF_000007225.1	PAE_RS07860	WP_011008606.1	NC_003364.1	1404001	1406788
GCF_000022205.1	HLAC_RS15145	WP_015911548.1	NC_012028.1	338221	339622
GCF_000022205.1	HLAC_RS07720	WP_015910283.1	NC_012029.1	1576224	1577637
GCF_000993805.1	MA03_RS03720	WP_052883992.1	NZ_CP009961.1	741201	743415
GCF_000213215.1	AHOS_RS09090	WP_013776535.1	NC_015518.1	1579372	1580830
GCF_000217995.1	MZHIL_RS06530	WP_013898582.1	NC_015676.1	1385596	1388605
GCF_000025625.1	NMAG_RS20295	WP_004268205.1	NC_013925.1	8473	9325
GCF_000017165.1	MEVAN_RS08215	WP_012066405.1	NC_009634.1	1614611	1616561
GCF_000730285.1	NTE_RS01220	WP_148699371.1	NZ_CP007174.1	233484	234360
GCF_000328665.1	METHO_RS01410	WP_015323731.1	NC_019977.1	275533	277612
GCF_000769655.1	TEU_RS10085	WP_050003663.1	NZ_CP008887.1	1879226	1881446
GCF_000007065.1	MM_RS17160	WP_011035194.1	NC_003901.1	4025915	4028099
GCF_000015225.1	TPEN_RS05080	WP_011752650.1	NC_008698.1	934942	937384
GCF_000011005.1	MCP_RS10545	WP_012900828.1	NC_013665.1	2081445	2082093
GCF_000970145.1	MSSAC_RS13080	WP_048183236.1	NZ_CP009508.1	3081241	3082687
GCF_000022465.1	YG5714_RS02770	WP_012715691.1	NC_012622.1	515364	517443
GCF_000024185.1	MRU_RS08405	WP_083777651.1	NC_013790.1	2179261	2181343
GCF_000009185.1	HQ_RS06090	WP_011571438.1	NC_008212.1	1404870	1406280
GCF_002214605.1	A3L04_RS01745	WP_088859097.1	NZ_CP015193.1	308121	309456
GCF_000303155.1	NGAR_RS01770	WP_015017879.1	NC_018719.1	289448	291539
GCF_002214525.1	A3L12_RS06115	WP_088883236.1	NZ_CP015104.1	1128072	1129458
GCF_000018305.1	CMAQ_RS10845	WP_012185876.1	NC_009954.1	862905	865566
GCF_000215995.1	PYCH_RS07400	WP_013906234.1	NC_015680.1	1319136	1321665
GCF_000725425.1	PAP_RS04185	WP_048164839.1	NZ_CP006019.1	732147	734817
GCF_000191585.1	METBO_RS09465	WP_013645486.1	NC_015216.1	1963532	1965605
GCF_000264495.1	TCELL_RS05250	WP_014737688.1	NC_017954.1	944506	946339
GCF_001266735.1	MsedE_RS08915	WP_012021692.1	NZ_CP012176.1	1684373	1687169
GCF_000970245.1	MSMAC_RS15290	WP_048037619.1	NZ_CP009514.1	3564589	3567451
GCF_000204415.1	MCON_RS07300	WP_013719361.1	NC_015416.1	1453935	1454721
GCF_000025685.1	HVO_RS20385	WP_013035696.1	NC_013968.1	34492	35713
GCF_002813655.1	BK007_RS00340	WP_100904596.1	NZ_CP017766.1	63282	64842
GCF_000215995.1	PYCH_RS06365	WP_013906021.1	NC_015680.1	1136525	1138781
GCF_000179575.2	METOK_RS07035	WP_013867529.1	NC_015636.1	1426761	1428381
GCF_000223905.1	HAH_RS01225	WP_014039259.1	NC_015948.1	233994	236055
GCF_000265525.1	CL1_RS01710	WP_014788189.1	NC_018015.1	301354	302749
GCF_002116695.1	B6F84_RS05865	WP_148691381.1	NZ_CP020477.1	1268338	1270351
GCF_000063445.1	RCI_RS09860	WP_012036290.1	NC_009464.1	1978445	1981103
GCF_000007305.1	PF_RS09610	WP_011013042.1	NC_003413.1	1751961	1753305
GCF_000217995.1	MZHIL_RS06860	WP_013898642.1	NC_015676.1	1473619	1475839
GCF_000698785.1	NVIE_RS00620	WP_075053546.1	NZ_CP007536.1	120854	123911
GCF_000025625.1	NMAG_RS09400	WP_004267488.1	NC_013922.1	1995703	1998103
GCF_001886955.1	HSR6_RS06550	WP_083426112.1	NZ_CP016804.1	1259310	1260852
GCF_000166095.1	MFER_RS00565	WP_013413190.1	NC_014658.1	112084	114685
GCF_000011585.1	MMP_RS04625	WP_011170834.1	NC_005791.1	881790	884034
GCF_000006805.1	VNG_RS11035	WP_010890482.1	NC_002608.1	109050	111990
GCF_000006805.1	VNG_RS12730	WP_010890482.1	NC_001869.1	109050	111990
GCF_000025285.1	ARCPR_RS01710	WP_012939748.1	NC_013741.1	288999	290664
GCF_000970025.1	MSBRM_RS09555	WP_048117451.1	NZ_CP009528.1	2343890	2346083
GCF_000009965.1	TK_RS01505	WP_011249261.1	NC_006624.1	260706	261927
GCF_000189555.1	SIRE_RS07750	WP_012711619.1	NC_017276.1	1424570	1425905
GCF_000191585.1	METBO_RS09255	WP_013645445.1	NC_015216.1	1921257	1923849
GCF_000189555.1	SIRE_RS03155	WP_014513666.1	NC_017276.1	597854	599855
GCF_000328665.1	METHO_RS03035	WP_015324050.1	NC_019977.1	632488	634468
GCF_000970125.1	MSSIH_RS12500	WP_148705557.1	NZ_CP009507.1	2969252	2971265
GCF_000024185.1	MRU_RS03070	WP_012955402.1	NC_013790.1	799822	802420
GCF_000275605.1	PFC_RS02095	WP_014835173.1	NC_018092.1	414648	417252
GCF_900036045.1	MAB1_RS02100	WP_062261701.1	NZ_LT158599.1	420395	423530
GCF_000025865.1	MMAH_RS03485	WP_013037157.1	NC_014002.1	714689	716954
GCF_000063445.1	RCI_RS06410	WP_148266548.1	NC_009464.1	1263724	1265536
GCF_000023965.1	HMUK_RS15240	WP_223270974.1	NC_013202.1	3031347	3033180
GCF_000023945.1	HUTA_RS11545	WP_015790091.1	NC_013158.1	2404429	2406487
GCF_000970205.1	MSMAS_RS00515	WP_052716894.1	NZ_CP009512.1	120040	122671
GCF_000144915.1	ASAC_RS05365	WP_013266977.1	NC_014374.1	1061276	1063535
GCF_000193375.1	TUZN_RS01990	WP_013679250.1	NC_015315.1	368086	369460
GCF_000013725.1	MBUR_RS07935	WP_011499589.1	NC_007955.1	1614323	1616033
GCF_900079115.1	SSOP1_RS04905	WP_009992401.1	NZ_LT549890.1	833243	834899
GCF_000217995.1	MZHIL_RS04445	WP_013898174.1	NC_015676.1	953335	955171
GCF_000063445.1	RCI_RS08770	WP_012036072.1	NC_009464.1	1762634	1765304
GCF_000800805.1	Mpt1_RS00660	WP_158386706.1	NZ_CP010070.1	137514	138951
GCF_900090055.1	CPM_RS08455	WP_077076661.1	NZ_LT719092.1	1696113	1699296
GCF_000253055.1	TTX_RS04475	WP_014126837.1	NC_016070.1	803690	805922
GCF_000025505.1	FERP_RS11845	WP_012966821.1	NC_013849.1	2037463	2040043
GCF_000304355.2	BN140_RS03165	WP_014866529.1	NC_018227.2	638630	640196
GCF_001266655.1	MsedA_RS08900	WP_012021692.1	NZ_CP012172.1	1684373	1687169
GCF_900095295.1	MCBB_RS04110	WP_071906574.1	NZ_LT607756.1	856485	857205
GCF_000009185.1	HQ_RS10555	WP_011572273.1	NC_008212.1	2373113	2375174
GCF_000235565.1	MHAR_RS07730	WP_014587054.1	NC_017527.1	1627270	1630051
GCF_001989615.1	BV210_RS02685	WP_084802546.1	NZ_CP019067.1	536856	538518
GCF_000189575.1	SIH_RS08270	WP_014512733.1	NC_017275.1	1528573	1529593
GCF_000970185.1	MSMAP_RS00535	WP_080927438.1	NZ_CP009511.1	120972	123663
GCF_000025685.1	HVO_RS03805	WP_004040802.1	NC_013966.1	449310	450711
GCF_000195935.2	PAB_RS05970	WP_048146858.1	NC_000868.1	1071286	1073887
GCF_001266675.1	MsedB_RS11655	WP_012022205.1	NZ_CP012173.1	2179452	2180394
GCF_000017625.1	MBOO_RS05380	WP_012106575.1	NC_009712.1	1010104	1012786
GCF_000328685.1	NATOC_RS04635	WP_015320264.1	NC_019974.1	928460	929111
GCF_000063445.1	RCI_RS12390	WP_012036794.1	NC_009464.1	2518753	2521567
GCF_000025685.1	HVO_RS02225	WP_004043360.1	NC_013966.1	73367	75701
GCF_000327485.1	METFOR_RS06725	WP_015285360.1	NC_019943.1	1312596	1315293
GCF_000007185.1	MK_RS08120	WP_011019888.1	NC_003551.1	1532640	1533588
GCF_000970005.1	MSWH1_RS05705	WP_048126852.1	NZ_CP009504.1	1269643	1271656
GCF_000007005.1	SSO_RS09060	WP_009991421.1	NC_002754.1	1692723	1694721
GCF_000092305.1	METIN_RS00695	WP_013099560.1	NC_014122.1	129513	131889
GCF_000011005.1	MCP_RS00335	WP_012898816.1	NC_013665.1	55098	57573
GCF_000969985.1	MSBRW_RS19025	WP_048103204.1	NZ_CP009526.1	4624556	4627181
GCF_000195935.2	PAB_RS04345	WP_010867939.1	NC_000868.1	776941	779680
GCF_000195935.2	PAB_RS04700	WP_010868003.1	NC_000868.1	844481	847403
GCF_000470655.1	HTIA_RS02565	WP_008527345.1	NC_021921.1	496083	497433
GCF_000007225.1	PAE_RS00205	WP_011007011.1	NC_003364.1	36286	38116
GCF_900079115.1	SSOP1_RS04940	WP_009992411.1	NZ_LT549890.1	840429	843231
GCF_000172995.2	HBOR_RS10405	WP_006056825.1	NC_014729.1	2060321	2062286
GCF_000008665.1	AF_RS07360	WP_010878955.1	NC_000917.1	1318039	1320265
GCF_000223395.1	PYRFU_RS05065	WP_014026563.1	NC_015931.1	958133	959096
GCF_000017945.1	IGNI_RS06965	WP_012123487.1	NC_009776.1	1198411	1201096
GCF_002197185.1	CDI07_RS02615	WP_088181526.1	NZ_CP021848.1	462594	463989
GCF_000969965.1	MSWHS_RS14835	WP_048159320.1	NZ_CP009503.1	3366884	3368900
GCF_001488575.1	HHUB_RS11810	WP_059057803.1	NZ_LN831302.1	2227421	2229476
GCF_000008265.1	PTO_RS07215	WP_011178181.1	NC_005877.1	1378133	1380158
GCF_001488575.1	HHUB_RS04705	WP_082687170.1	NZ_LN831302.1	905513	906872
GCF_000970185.1	MSMAP_RS07030	WP_048043146.1	NZ_CP009511.1	1618283	1620296
GCF_000221185.1	GQS_RS00545	WP_014011700.1	NC_015865.1	127332	129435
GCF_002952775.1	AArcSl_RS01750	WP_119814127.1	NZ_CP025066.1	342444	343809
GCF_001548675.1	TL18_RS03825	WP_067041579.1	NZ_CP010834.1	882812	884777
GCF_002156705.1	B1756_RS04830	WP_086887529.1	NZ_CP019893.1	965056	965725
GCF_002214545.1	A3L14_RS04230	WP_088886149.1	NZ_CP015105.1	772406	773801
GCF_000970185.1	MSMAP_RS03785	WP_162197318.1	NZ_CP009511.1	854052	856407
GCF_000970185.1	MSMAP_RS11880	WP_011034304.1	NZ_CP009511.1	2824056	2826537
GCF_000144915.1	ASAC_RS01515	WP_013266213.1	NC_014374.1	290007	290991
GCF_002906575.1	C2R22_RS09755	WP_103425585.1	NZ_CP026309.1	1985028	1986369
GCF_000470655.1	HTIA_RS08490	WP_008524304.1	NC_021921.1	1718632	1720741
GCF_001412615.1	Pyrde_RS06190	WP_055409122.1	NZ_CP013011.1	1204596	1205547
GCF_000470655.1	HTIA_RS13485	WP_008525405.1	NC_021921.1	2737099	2739853
GCF_000194625.1	ARCVE_RS08720	WP_048085936.1	NC_015320.1	1566898	1568167
GCF_000306765.2	HFX_RS08875	WP_004056494.1	NC_017941.2	1738012	1740169
GCF_000007065.1	MM_RS06300	WP_011033166.1	NC_003901.1	1439472	1442163
GCF_000011205.1	STK_RS07085	WP_010979307.1	NC_003106.2	1280713	1282345
GCF_002813085.1	BK798_RS08125	WP_100815767.1	NZ_CP017803.1	1629194	1631513
GCF_000015765.1	MLAB_RS04805	WP_011833283.1	NC_008942.1	905605	907540
GCF_000151105.2	TERMP_RS07875	WP_013467862.1	NC_014804.1	1379656	1382596
GCF_000008645.1	MTH_RS01435	WP_010875951.1	NC_000916.1	246080	248189
GCF_000263735.1	PY04_RS01460	WP_014733407.1	NC_017946.1	275664	276999
GCF_000196655.1	METEV_RS01200	WP_013193740.1	NC_014253.1	240738	242034
GCF_000328525.1	HALRU_RS03960	WP_015300117.1	NC_019964.1	858918	860922
GCF_000470655.1	HTIA_RS07665	WP_008527705.1	NC_021921.1	1541835	1544340
GCF_002952775.1	AArcSl_RS04885	WP_119815817.1	NZ_CP025066.1	983908	985603
GCF_000328665.1	METHO_RS12365	WP_015313849.1	NC_019972.1	112560	115791
GCF_000204415.1	MCON_RS10340	WP_048133191.1	NC_015416.1	2082321	2085765
GCF_000220645.1	GYY_RS02655	WP_013998909.1	NC_015847.1	489808	491749
GCF_000026045.1	NP_RS00860	WP_011321897.1	NC_007426.1	174667	177205
GCF_000022205.1	HLAC_RS13690	WP_012659169.1	NC_012028.1	10249	12004
GCF_000275605.1	PFC_RS04700	WP_014835333.1	NC_018092.1	870276	872451
GCF_000217995.1	MZHIL_RS06270	WP_013898528.1	NC_015676.1	1329829	1332685
GCF_000022545.1	TSIB_RS06025	WP_015849515.1	NC_012883.1	1131449	1133954
GCF_001266715.1	MsedD_RS06960	WP_012021323.1	NZ_CP012175.1	1353485	1355459
GCF_000015765.1	MLAB_RS00100	WP_011832399.1	NC_008942.1	21301	22783
GCF_000300255.2	MMALV_RS02800	WP_015504459.1	NC_020913.1	534074	536327
GCF_000022205.1	HLAC_RS15610	WP_015911582.1	NC_012028.1	421880	424790
GCF_001011115.1	HLASF_RS05595	WP_050048377.1	NZ_CP008874.1	1129686	1131237
GCF_000147875.1	MPET_RS04995	WP_013328920.1	NC_014507.1	982191	984879
GCF_000328685.1	NATOC_RS04040	WP_015320146.1	NC_019974.1	809146	810919
GCF_000017185.1	MAEO_RS07005	WP_011974073.1	NC_009635.1	1426370	1427960
GCF_000220645.1	GYY_RS06180	WP_013999533.1	NC_015847.1	1183271	1183847
GCF_000011205.1	STK_RS09020	WP_010979669.1	NC_003106.2	1609731	1611051
GCF_000956175.1	NADRNF5_RS03790	WP_192828353.1	NZ_CP011070.1	637710	639666
GCF_000327485.1	METFOR_RS00915	WP_015284228.1	NC_019943.1	171988	174151
GCF_000016525.1	MSM_RS02630	WP_011953956.1	NC_009515.1	507817	508564
GCF_000147875.1	MPET_RS06275	WP_013329175.1	NC_014507.1	1270149	1272120
GCF_002844335.1	BVU17_RS04545	WP_101349588.1	NZ_CP019154.1	871449	873315
GCF_000734035.1	AFULGI_RS10285	WP_010879367.1	NZ_CP006577.1	1843935	1845576
GCF_000800805.1	Mpt1_RS04205	WP_202965133.1	NZ_CP010070.1	882750	883896
GCF_000385565.1	ASULF_RS07240	WP_015591060.1	NC_021169.1	1338774	1340109
GCF_000189555.1	SIRE_RS09110	WP_014514079.1	NC_017276.1	1655908	1657318
GCF_000275605.1	PFC_RS08385	WP_014835517.1	NC_018092.1	1538374	1540666
GCF_000018305.1	CMAQ_RS07845	WP_012186568.1	NC_009954.1	1607845	1609594
GCF_000189555.1	SIRE_RS07565	WP_014514016.1	NC_017276.1	1389446	1390457
GCF_002813695.1	BK009_RS02305	WP_100908903.1	NZ_CP017768.1	479221	481177
GCF_000328665.1	METHO_RS03775	WP_015324193.1	NC_019977.1	788949	791781
GCF_000403645.1	L593_RS03095	WP_020445466.1	NC_021313.1	642200	644537
GCF_000025505.1	FERP_RS04835	WP_012965475.1	NC_013849.1	842892	845544
GCF_000007225.1	PAE_RS04000	WP_011007810.1	NC_003364.1	721120	722173
GCF_000148385.1	VDIS_RS08070	WP_013336743.1	NC_014537.1	1552007	1552973
GCF_000970165.1	MSMAW_RS00520	WP_052716894.1	NZ_CP009509.1	119871	122502
GCF_000196655.1	METEV_RS02045	WP_013193896.1	NC_014253.1	399740	401735
GCF_000172995.2	HBOR_RS01075	WP_006055617.1	NC_014729.1	206140	208672
GCF_000007005.1	SSO_RS04805	WP_009992411.1	NC_002754.1	820989	823791
GCF_900090055.1	CPM_RS00400	WP_197683164.1	NZ_LT719092.1	88165	91357
GCF_000196895.1	HACJB3_RS18280	WP_013199614.1	NC_014301.1	3184	6127
GCF_000019605.1	KCR_RS00135	WP_012308681.1	NC_010482.1	23862	26946
GCF_000008645.1	MTH_RS08635	WP_010877404.1	NC_000916.1	1644627	1647216
GCF_002945325.1	MMJJ_RS08655	WP_104838470.1	NZ_CP026606.1	1592621	1593197
GCF_000011585.1	MMP_RS05695	WP_048064096.1	NC_005791.1	1094600	1095176
GCF_000017185.1	MAEO_RS00660	WP_011972855.1	NC_009635.1	146094	148521
GCF_000013445.1	MHUN_RS09475	WP_011448800.1	NC_007796.1	2051377	2052973
GCF_000338775.1	SACRON12I_RS03100	WP_011277537.1	NC_020247.1	516253	517213
GCF_000970205.1	MSMAS_RS07355	WP_011035194.1	NZ_CP009512.1	1688695	1690879
GCF_000017625.1	MBOO_RS11715	WP_012107817.1	NC_009712.1	2311298	2313386
GCF_000015225.1	TPEN_RS03375	WP_011752319.1	NC_008698.1	602241	604134
GCF_000213215.1	AHOS_RS07325	WP_013776213.1	NC_015518.1	1276485	1279239
GCF_000194625.1	ARCVE_RS08140	WP_013684295.1	NC_015320.1	1465025	1466381
GCF_000196655.1	METEV_RS09550	WP_013195299.1	NC_014253.1	1912795	1915279
GCF_000091665.1	MJ_RS09645	WP_010871097.1	NC_000909.1	1547812	1548151
GCF_000306765.2	HFX_RS08115	WP_004056743.1	NC_017941.2	1580852	1582211
GCF_000025505.1	FERP_RS10700	WP_012966601.1	NC_013849.1	1841336	1842242
GCF_000025865.1	MMAH_RS02245	WP_013036926.1	NC_014002.1	472505	474482
GCF_000063445.1	RCI_RS08830	WP_012036085.1	NC_009464.1	1775486	1778069
GCF_000196895.1	HACJB3_RS12085	WP_008415747.1	NC_014297.1	2313802	2315167
GCF_000204415.1	MCON_RS10275	WP_013719903.1	NC_015416.1	2068705	2071015
GCF_000022445.1	M164_RS03985	WP_012735732.1	NC_012726.1	751526	753527
GCF_000196655.1	METEV_RS00880	WP_013193676.1	NC_014253.1	180356	182558
GCF_000021965.1	MPAL_RS12185	WP_012619039.1	NC_011832.1	2576541	2578362
GCF_000025505.1	FERP_RS01655	WP_012964851.1	NC_013849.1	284173	286468
GCF_002214365.1	A3L02_RS09455	WP_088863880.1	NZ_CP014854.1	1737923	1739306
GCF_001006045.1	GAH_RS05950	WP_048095320.1	NZ_CP011267.1	1010996	1012370
GCF_002156705.1	B1756_RS00940	WP_086886841.1	NZ_CP019893.1	200110	201571
GCF_000265525.1	CL1_RS04975	WP_237266284.1	NC_018015.1	922474	923260
GCF_000304355.2	BN140_RS04945	WP_014866879.1	NC_018227.2	1035146	1037876
GCF_000800805.1	Mpt1_RS03680	WP_048112289.1	NZ_CP010070.1	783731	787043
GCF_900079115.1	SSOP1_RS10150	WP_009991629.1	NZ_LT549890.1	1891111	1892617
GCF_000011125.1	APE_RS03140	WP_010866032.1	NC_000854.2	571040	572450
GCF_000328665.1	METHO_RS13015	WP_015313978.1	NC_019972.1	275075	275867
GCF_001563245.1	YLM1_RS03895	WP_067146501.1	NZ_CP014265.1	937888	939847
GCF_000264495.1	TCELL_RS01900	WP_014737042.1	NC_017954.1	341841	344955
GCF_000152265.2	FACI_RS09365	WP_019841817.1	NC_021592.1	1863766	1865092
GCF_000993805.1	MA03_RS02890	WP_052883835.1	NZ_CP009961.1	563797	565432
GCF_001266695.1	MsedC_RS08870	WP_048060133.1	NZ_CP012174.1	1677084	1678701
GCF_000011585.1	MMP_RS05890	WP_232500675.1	NC_005791.1	1130161	1132729
GCF_000364745.1	SIL_RS03305	WP_048050183.1	NC_021058.1	640109	642110
GCF_000327485.1	METFOR_RS01405	WP_015284324.1	NC_019943.1	276003	278148
GCF_000015825.1	MEMAR_RS06465	WP_011844159.1	NC_009051.1	1302363	1303623
GCF_000026045.1	NP_RS09895	WP_049939648.1	NC_007426.1	1949282	1952129
GCF_000213215.1	AHOS_RS02910	WP_013775379.1	NC_015518.1	547001	549623
GCF_000015805.1	PCAL_RS03840	WP_011849400.1	NC_009073.1	675203	677663
GCF_000813245.1	TCARB_RS01750	WP_052886535.1	NZ_CP007493.1	330330	330915
GCF_000007005.1	SSO_RS08030	WP_010923551.1	NC_002754.1	1509685	1510060
GCF_000025285.1	ARCPR_RS04905	WP_012940381.1	NC_013741.1	826907	829097
GCF_000204415.1	MCON_RS09055	WP_013719687.1	NC_015416.1	1793425	1794709
GCF_000025505.1	FERP_RS08665	WP_012966212.1	NC_013849.1	1498158	1499505
GCF_000025685.1	HVO_RS15605	WP_013035629.1	NC_013967.1	2126757	2128980
GCF_000196895.1	HACJB3_RS00765	WP_008418966.1	NC_014297.1	152951	155243
GCF_001548675.1	TL18_RS03865	WP_067041598.1	NZ_CP010834.1	892507	895099
GCF_000147875.1	MPET_RS04035	WP_013328744.1	NC_014507.1	808693	810994
GCF_000194625.1	ARCVE_RS08740	WP_013684410.1	NC_015320.1	1570207	1572448
GCF_000404225.1	H729_RS00120	WP_020447967.1	NC_021353.1	22597	25330
GCF_000022465.1	YG5714_RS06100	WP_012716129.1	NC_012622.1	1174995	1176678
GCF_000007305.1	PF_RS00265	WP_011011165.1	NC_003413.1	58952	61463
GCF_000014945.1	MTHE_RS01170	WP_011695425.1	NC_008553.1	227265	229515
GCF_000969925.1	MSTHC_RS00260	WP_048166592.1	NZ_CP009502.1	62091	63537
GCF_000025325.1	HTUR_RS17760	WP_012944714.1	NC_013743.1	3710311	3712723
GCF_001647085.1	A7C91_RS03440	WP_068664934.1	NZ_CP015520.1	628151	628916
GCF_000403645.1	L593_RS09890	WP_020446824.1	NC_021313.1	2188553	2190581
GCF_000069025.1	OE_RS04900	WP_010902906.1	NC_010364.1	932830	935671
GCF_000016525.1	MSM_RS00805	WP_011953728.1	NC_009515.1	157489	159694
GCF_000013725.1	MBUR_RS05795	WP_011499198.1	NC_007955.1	1207777	1210420
GCF_000217715.1	HALXA_RS04395	WP_013879112.1	NC_015666.1	893550	895617
GCF_001266695.1	MsedC_RS10785	WP_012022039.1	NZ_CP012174.1	2033320	2035942
GCF_000211475.1	PNA2_RS05470	WP_013748552.1	NC_015474.1	990094	991444
GCF_000591055.1	NMLP_RS12280	WP_015410445.1	NC_020388.1	2554799	2556149
GCF_000970225.1	MSMAL_RS08010	WP_011034901.1	NZ_CP009513.1	1867285	1868710
GCF_000970205.1	MSMAS_RS08195	WP_048046430.1	NZ_CP009512.1	1902447	1905309
GCF_000007225.1	PAE_RS10870	WP_011009211.1	NC_003364.1	1904251	1905253
GCF_000211475.1	PNA2_RS07110	WP_013748866.1	NC_015474.1	1284375	1286574
GCF_000008265.1	PTO_RS05235	WP_011177793.1	NC_005877.1	1001214	1002096
GCF_000591055.1	NMLP_RS03145	WP_015408676.1	NC_020388.1	614413	615823
GCF_000013725.1	MBUR_RS05675	WP_011499178.1	NC_007955.1	1182073	1184356
GCF_900079115.1	SSOP1_RS07385	WP_010923377.1	NZ_LT549890.1	1339016	1340735
GCF_000189555.1	SIRE_RS03465	WP_014512192.1	NC_017276.1	647884	648967
GCF_000813245.1	TCARB_RS09425	WP_148684736.1	NZ_CP007493.1	1730258	1732139
GCF_000092185.1	TAGG_RS06515	WP_245522033.1	NC_014160.1	1205197	1206181
GCF_000204415.1	MCON_RS00430	WP_013718079.1	NC_015416.1	100038	103146
GCF_001577775.1	TQ32_RS02190	WP_173644905.1	NZ_CP010835.1	401396	402740
GCF_000403645.1	L593_RS06365	WP_020446116.1	NC_021313.1	1395898	1398805
GCF_000304355.2	BN140_RS12755	WP_014868462.1	NC_018227.2	2741157	2742834
GCF_000013725.1	MBUR_RS11175	WP_011500168.1	NC_007955.1	2268049	2271247
GCF_000013445.1	MHUN_RS08915	WP_011448696.1	NC_007796.1	1926848	1929101
GCF_000189575.1	SIH_RS06440	WP_014512600.1	NC_017275.1	1222867	1224550
GCF_900079115.1	SSOP1_RS10345	WP_010923742.1	NZ_LT549890.1	1924594	1925677
GCF_001266715.1	MsedD_RS08870	WP_048060133.1	NZ_CP012175.1	1677086	1678703
GCF_000730285.1	NTE_RS04980	WP_148699371.1	NZ_CP007174.1	956588	957464
GCF_000969945.1	MSKOL_RS11170	WP_048156222.1	NZ_CP009524.1	2693887	2695900
GCF_000328525.1	HALRU_RS14680	WP_015302172.1	NC_019964.1	3052297	3053413
GCF_000328685.1	NATOC_RS18485	WP_015323007.1	NC_019974.1	3805269	3807327
GCF_000517625.1	HALLA_RS13055	WP_049953768.1	NZ_CP007055.1	2581126	2583181
GCF_000258425.1	FFONT_RS00265	WP_014557203.1	NC_017461.1	49879	51538
GCF_000172995.2	HBOR_RS06375	WP_006054131.1	NC_014729.1	1232110	1235617
GCF_001266735.1	MsedE_RS07585	WP_012021438.1	NZ_CP012176.1	1459751	1460798
GCF_000214415.1	METIG_RS05925	WP_013799316.1	NC_015562.1	1183400	1183967
GCF_000024185.1	MRU_RS03170	WP_012955422.1	NC_013790.1	820698	822795
GCF_000304355.2	BN140_RS06050	WP_014867115.1	NC_018227.2	1245470	1247792
GCF_001266655.1	MsedA_RS07550	WP_012021438.1	NZ_CP012172.1	1459751	1460798
GCF_001592435.1	A0127_RS00495	WP_062390797.1	NZ_CP014750.1	98520	99906
GCF_002952775.1	AArcSl_RS11270	WP_119819138.1	NZ_CP025066.1	2248917	2251038
GCF_000016385.1	PARS_RS07210	WP_011900897.1	NC_009376.1	1290554	1291910
GCF_000008645.1	MTH_RS00920	WP_010875842.1	NC_000916.1	145101	146379
GCF_000012545.1	MSP_RS04705	WP_011406530.1	NC_007681.1	1085877	1088631
GCF_000215995.1	PYCH_RS07480	WP_013906250.1	NC_015680.1	1337032	1338949
GCF_000213215.1	AHOS_RS02095	WP_013775212.1	NC_015518.1	405806	406835
GCF_000148385.1	VDIS_RS05070	WP_013336141.1	NC_014537.1	980502	982074
GCF_000022205.1	HLAC_RS05980	WP_015909945.1	NC_012029.1	1216076	1218065
GCF_001889405.1	BHR79_RS01260	WP_072560466.1	NZ_CP017921.1	252414	254391
GCF_000019805.1	TNEU_RS03360	WP_012350029.1	NC_010525.1	602385	604344
GCF_000007305.1	PF_RS03025	WP_011011711.1	NC_003413.1	611562	614166
GCF_000011185.1	TVG_RS03005	WP_010916831.1	NC_002689.2	559783	561151
GCF_001458655.1	MB9_RS05495	WP_048085141.1	NZ_LN734822.1	1158610	1159138
GCF_000009965.1	TK_RS04570	WP_011249879.1	NC_006624.1	806024	807410
GCF_000300255.2	MMALV_RS08145	WP_015505532.1	NC_020913.1	1641784	1647169
GCF_001477655.1	SM9_RS06035	WP_083495854.1	NZ_CP011266.1	1378084	1380478
GCF_000328685.1	NATOC_RS13290	WP_015321966.1	NC_019974.1	2660576	2663390
GCF_000517625.1	HALLA_RS04685	WP_084568932.1	NZ_CP007055.1	937472	939461
GCF_000591055.1	NMLP_RS05625	WP_015409158.1	NC_020388.1	1119050	1120163
GCF_001266735.1	MsedE_RS11670	WP_012022205.1	NZ_CP012176.1	2179456	2180398
GCF_000385565.1	ASULF_RS06675	WP_015590945.1	NC_021169.1	1227284	1229093
GCF_000281695.1	NJ7G_RS01770	WP_014862854.1	NC_018224.1	393901	396277
GCF_000026045.1	NP_RS09570	WP_232503968.1	NC_007426.1	1868824	1871428
GCF_900248165.1	NCAV_RS02860	WP_103287416.1	NZ_LT981265.1	527244	528903
GCF_000025685.1	HVO_RS12385	WP_004041490.1	NC_013967.1	1469247	1470627
GCF_000235565.1	MHAR_RS07415	WP_014586993.1	NC_017527.1	1554202	1555459
GCF_000970305.1	MSBR3_RS01190	WP_048105874.1	NZ_CP009517.1	291265	293278
GCF_000470655.1	HTIA_RS09430	WP_008526438.1	NC_021921.1	1928444	1930511
GCF_000007345.1	MA_RS17355	WP_011023255.1	NC_003552.1	4095205	4097218
GCF_000025685.1	HVO_RS11120	WP_004043605.1	NC_013967.1	1211840	1214681
GCF_000007185.1	MK_RS00270	WP_011018421.1	NC_003551.1	45366	49032
GCF_000092305.1	METIN_RS01015	WP_013099623.1	NC_014122.1	190029	191115
GCF_000812185.1	T478_RS06880	WP_052433942.1	NZ_CP007026.1	1160987	1162070
GCF_000007225.1	PAE_RS07640	WP_011008563.1	NC_003364.1	1364809	1367044
GCF_000026045.1	NP_RS08800	WP_011323492.1	NC_007426.1	1720129	1722583
GCF_000152265.2	FACI_RS08290	WP_009887702.1	NC_021592.1	1628975	1629932
GCF_000012285.1	SACI_RS07905	WP_011278469.1	NC_007181.1	1411898	1413230
GCF_000025285.1	ARCPR_RS07155	WP_012940812.1	NC_013741.1	1219598	1220912
GCF_000021965.1	MPAL_RS12975	WP_012619184.1	NC_011832.1	2719941	2721624
GCF_001767315.1	HTSR_RS10135	WP_070365866.1	NZ_CP016070.1	1961390	1963454
GCF_000317795.1	CALAG_RS01870	WP_015232054.1	NC_019791.1	398172	401007
GCF_002214585.1	A3L09_RS05465	WP_088857994.1	NZ_CP014862.1	999699	1001097
GCF_000303155.1	NGAR_RS05800	WP_015018740.1	NC_018719.1	985562	987542
GCF_002945325.1	MMJJ_RS01245	WP_104837330.1	NZ_CP026606.1	240687	242628
GCF_000008265.1	PTO_RS06925	WP_011178123.1	NC_005877.1	1327968	1329300
GCF_000698785.1	NVIE_RS05380	WP_227717487.1	NZ_CP007536.1	939207	941190
GCF_000404165.1	ABM4_RS01765	WP_016357968.1	NC_021355.1	428373	430566
GCF_000970285.1	MSHOH_RS10915	WP_048139601.1	NZ_CP009516.1	2493278	2495291
GCF_000011085.1	RR_RS16280	WP_049939045.1	NC_006396.1	2449707	2451753
GCF_000020905.1	DKAM_RS05975	WP_012608896.1	NC_011766.1	1148833	1150495
GCF_000020905.1	DKAM_RS05730	WP_012608847.1	NC_011766.1	1100877	1103676
GCF_000304355.2	BN140_RS13035	WP_014866536.1	NC_018227.2	646061	646832
GCF_000011585.1	MMP_RS02420	WP_011170401.1	NC_005791.1	450213	451830
GCF_000215995.1	PYCH_RS08150	WP_013906389.1	NC_015680.1	1475916	1477251
GCF_001266655.1	MsedA_RS00275	WP_011921200.1	NZ_CP012172.1	48828	51546
GCF_000013725.1	MBUR_RS00315	WP_011498247.1	NC_007955.1	48322	50266
GCF_001266735.1	MsedE_RS08880	WP_048060133.1	NZ_CP012176.1	1677086	1678703
GCF_000303155.1	NGAR_RS15060	WP_015020656.1	NC_018719.1	2516815	2518180
GCF_001886955.1	HSR6_RS09010	WP_071933413.1	NZ_CP016804.1	1760784	1764186
GCF_001266715.1	MsedD_RS02960	WP_012020545.1	NZ_CP012175.1	537429	538761
GCF_000193375.1	TUZN_RS06595	WP_013680180.1	NC_015315.1	1179496	1180237
GCF_000970205.1	MSMAS_RS05400	WP_226987671.1	NZ_CP009512.1	1213559	1214534
GCF_000015805.1	PCAL_RS03240	WP_011849290.1	NC_009073.1	567940	569884
GCF_000304355.2	BN140_RS09840	WP_048104781.1	NC_018227.2	2029865	2033372
GCF_000730285.1	NTE_RS15205	WP_148701791.1	NZ_CP007174.1	2771454	2773026
GCF_002844335.1	BVU17_RS06235	WP_101349876.1	NZ_CP019154.1	1215384	1216713
GCF_000009965.1	TK_RS02270	WP_011249415.1	NC_006624.1	386205	388428
GCF_000237865.1	HQRW_RS04610	WP_014555655.1	NC_017459.1	1059899	1062446
GCF_001488575.1	HHUB_RS13970	WP_059058579.1	NZ_LN831303.1	174420	175476
GCF_001647085.1	A7C91_RS07980	WP_068667431.1	NZ_CP015520.1	1457422	1458796
GCF_000024185.1	MRU_RS00140	WP_012954835.1	NC_013790.1	38269	39298
GCF_000446015.1	N186_RS06275	WP_020962940.1	NC_022093.1	1153613	1154198
GCF_000024185.1	MRU_RS10500	WP_012956887.1	NC_013790.1	2710625	2713154
GCF_000517625.1	HALLA_RS09300	WP_049953093.1	NZ_CP007055.1	1839045	1840506
GCF_002156705.1	B1756_RS09775	WP_086890128.1	NZ_CP019893.1	1982712	1983351
GCF_000015945.1	SMAR_RS04990	WP_011839252.1	NC_009033.1	940637	942284
GCF_000970245.1	MSMAC_RS03885	WP_162197318.1	NZ_CP009514.1	884992	887347
GCF_900095295.1	MCBB_RS05385	WP_071906790.1	NZ_LT607756.1	1132158	1134114
GCF_000023965.1	HMUK_RS10175	WP_015763071.1	NC_013202.1	2023490	2026235
GCF_000022545.1	TSIB_RS05075	WP_015849316.1	NC_012883.1	946654	947803
GCF_000172995.2	HBOR_RS07815	WP_006054420.1	NC_014729.1	1541438	1542788
GCF_000009965.1	TK_RS11835	WP_011250514.1	NC_006624.1	1370566	1371517
GCF_000007005.1	SSO_RS15775	WP_010923549.1	NC_002754.1	1506158	1508567
GCF_000214725.1	MSWAN_RS12205	WP_013825265.1	NC_015574.1	793569	794781
GCF_001971705.1	BB347_RS03335	WP_076578405.1	NZ_CP019327.1	685721	687647
GCF_000015825.1	MEMAR_RS06475	WP_011844161.1	NC_009051.1	1304481	1306410
GCF_000022425.1	M1627_RS08740	WP_012718935.1	NC_012632.1	1643318	1644653
GCF_000264495.1	TCELL_RS01430	WP_014736948.1	NC_017954.1	264636	265605
GCF_000017945.1	IGNI_RS05030	WP_012123121.1	NC_009776.1	868352	870542
GCF_001484685.1	ADU37_RS10310	WP_158508498.1	NZ_CP012200.1	1857751	1858363
GCF_000237865.1	HQRW_RS00070	WP_014554958.1	NC_017459.1	10132	12586
GCF_000022365.1	TGAM_RS08395	WP_015859271.1	NC_012804.1	1563897	1565286
GCF_000303155.1	NGAR_RS06460	WP_015018872.1	NC_018719.1	1087466	1088810
GCF_000281695.1	NJ7G_RS18965	WP_081704387.1	NC_018224.1	2785004	2786948
GCF_000011585.1	MMP_RS03805	WP_011170671.1	NC_005791.1	717503	719444
GCF_002813675.1	BK008_RS08840	WP_100907578.1	NZ_CP017767.1	1800617	1802456
GCF_000007005.1	SSO_RS09745	WP_009991629.1	NC_002754.1	1817653	1819159
GCF_000016125.1	MMARC5_RS04315	WP_011868617.1	NC_009135.1	831962	833903
GCF_000007345.1	MA_RS03985	WP_011020807.1	NC_003552.1	890045	892913
GCF_000970305.1	MSBR3_RS04495	WP_048106726.1	NZ_CP009517.1	1120635	1122822
GCF_001458655.1	MB9_RS04435	WP_048085263.1	NZ_LN734822.1	932807	934763
GCF_000015825.1	MEMAR_RS08635	WP_011844595.1	NC_009051.1	1756879	1758463
GCF_000970225.1	MSMAL_RS09955	WP_011035194.1	NZ_CP009513.1	2339841	2342025
GCF_900083515.1	CSP5_RS06765	WP_148689966.1	NZ_LT671858.1	1384433	1385702
GCF_000969905.1	MSVAZ_RS10100	WP_048120675.1	NZ_CP009520.1	2425353	2426859
GCF_000327485.1	METFOR_RS10865	WP_015286189.1	NC_019943.1	2184246	2186496
GCF_000827835.1	SG26_RS02585	WP_050036762.1	NZ_CP010529.1	552722	554348
GCF_000144915.1	ASAC_RS03030	WP_013266513.1	NC_014374.1	592960	594553
GCF_000186365.1	DESMU_RS06215	WP_013562742.1	NC_014961.1	1171183	1172869
GCF_000013445.1	MHUN_RS12485	WP_011449358.1	NC_007796.1	2646668	2648489
GCF_000006805.1	VNG_RS11000	WP_010890488.1	NC_002608.1	95436	96846
GCF_000006805.1	VNG_RS12695	WP_010890488.1	NC_001869.1	95436	96846
GCF_001592435.1	A0127_RS10430	WP_231855745.1	NZ_CP014750.1	1377522	1378479
GCF_000970205.1	MSMAS_RS07435	WP_011035178.1	NZ_CP009512.1	1715482	1717495
GCF_000341715.1	MMTUC01_RS15545	WP_015413210.1	NC_020389.1	3373924	3375736
GCF_000007185.1	MK_RS04430	WP_011019203.1	NC_003551.1	794559	797016
GCF_000303155.1	NGAR_RS13675	WP_015020366.1	NC_018719.1	2270981	2272520
GCF_000264495.1	TCELL_RS01645	WP_052307199.1	NC_017954.1	301663	304351
GCF_000213215.1	AHOS_RS11665	WP_013777042.1	NC_015518.1	2046669	2048019
GCF_000009185.1	HQ_RS14015	WP_048067148.1	NC_008213.1	15204	18864
GCF_000364745.1	SIL_RS05615	WP_014512600.1	NC_021058.1	1079413	1081096
GCF_000217995.1	MZHIL_RS04070	WP_013898102.1	NC_015676.1	877551	880029
GCF_000195935.2	PAB_RS05445	WP_010868140.1	NC_000868.1	980032	981622
GCF_000364745.1	SIL_RS03600	WP_014512192.1	NC_021058.1	685168	686251
GCF_000012545.1	MSP_RS08395	WP_011406067.1	NC_007681.1	547194	548169
GCF_000015825.1	MEMAR_RS05390	WP_011843938.1	NC_009051.1	1085336	1088174
GCF_000730285.1	NTE_RS11165	WP_226986973.1	NZ_CP007174.1	2044043	2046026
GCF_000007065.1	MM_RS01515	WP_011032229.1	NC_003901.1	366309	368112
GCF_000213215.1	AHOS_RS00970	WP_013774999.1	NC_015518.1	192889	194881
GCF_000812185.1	T478_RS06835	WP_048106382.1	NZ_CP007026.1	1151514	1154643
GCF_001266675.1	MsedB_RS05775	WP_012021089.1	NZ_CP012173.1	1077951	1079430
GCF_900079115.1	SSOP1_RS08560	WP_010923551.1	NZ_LT549890.1	1602191	1602566
GCF_000172995.2	HBOR_RS06275	WP_006054108.1	NC_014729.1	1195616	1197725
GCF_002952775.1	AArcSl_RS11550	WP_119821951.1	NZ_CP025066.1	2309657	2313023
GCF_000091665.1	MJ_RS02015	WP_010869882.1	NC_000909.1	347673	349518
GCF_000328685.1	NATOC_RS19275	WP_015323162.1	NC_019974.1	3972423	3974766
GCF_000012285.1	SACI_RS03895	WP_011277683.1	NC_007181.1	650807	653543
GCF_000022465.1	YG5714_RS08405	WP_010922990.1	NC_012622.1	1563725	1565060
GCF_000253055.1	TTX_RS06000	WP_014127143.1	NC_016070.1	1089251	1090952
GCF_000025625.1	NMAG_RS16385	WP_004267876.1	NC_013922.1	3518476	3521341
GCF_000144915.1	ASAC_RS04560	WP_013266824.1	NC_014374.1	916613	917954
GCF_000008645.1	MTH_RS02295	WP_010876134.1	NC_000916.1	434773	436015
GCF_000195935.2	PAB_RS01490	WP_048146523.1	NC_000868.1	284959	287209
GCF_002116695.1	B6F84_RS02820	WP_148690823.1	NZ_CP020477.1	611462	612797
GCF_000022205.1	HLAC_RS16005	WP_012660029.1	NC_012030.1	25403	28370
GCF_000018305.1	CMAQ_RS00490	WP_012185169.1	NC_009954.1	112384	115165
GCF_001266655.1	MsedA_RS02775	WP_012020509.1	NZ_CP012172.1	500924	503147
GCF_000015225.1	TPEN_RS05295	WP_052885184.1	NC_008698.1	969489	970059
GCF_000275605.1	PFC_RS07480	WP_011011238.1	NC_018092.1	1363767	1365102
GCF_000015145.1	HBUT_RS06750	WP_011822438.1	NC_008818.1	1294265	1297133
GCF_000340315.1	SACN8_RS07905	WP_011278469.1	NC_020246.1	1411902	1413234
GCF_000016385.1	PARS_RS01555	WP_011899825.1	NC_009376.1	265489	266551
GCF_000196895.1	HACJB3_RS00805	WP_008418955.1	NC_014297.1	160822	163222
GCF_000969885.1	MSTHT_RS03560	WP_048166592.1	NZ_CP009501.1	839349	840795
GCF_000698785.1	NVIE_RS10870	WP_075055265.1	NZ_CP007536.1	1911579	1912968
GCF_000007305.1	PF_RS05625	WP_011012260.1	NC_003413.1	1067760	1069935
GCF_000970165.1	MSMAW_RS07300	WP_011035194.1	NZ_CP009509.1	1678884	1681068
GCF_000300255.2	MMALV_RS04480	WP_015504798.1	NC_020913.1	895508	897881
GCF_001305655.1	HLASA_RS04870	WP_050048246.1	NZ_CP011564.1	971414	973253
GCF_900036045.1	MAB1_RS03450	WP_048104514.1	NZ_LT158599.1	706714	708946
GCF_000012545.1	MSP_RS02135	WP_011406023.1	NC_007681.1	485916	488304
GCF_000015765.1	MLAB_RS08415	WP_048062121.1	NC_008942.1	1622186	1623677
GCF_000970085.1	MSSIT_RS07755	WP_048171396.1	NZ_CP009506.1	1815856	1819297
GCF_000403645.1	L593_RS06115	WP_081638657.1	NC_021313.1	1315382	1319546
GCF_000196895.1	HACJB3_RS16460	WP_013199614.1	NC_014299.1	10348	13291
GCF_000734035.1	AFULGI_RS00305	WP_010877585.1	NZ_CP006577.1	60635	62915
GCF_000063445.1	RCI_RS00700	WP_012034458.1	NC_009464.1	139075	140431
GCF_000025865.1	MMAH_RS03940	WP_013037244.1	NC_014002.1	803798	806282
GCF_000385565.1	ASULF_RS06660	WP_015590942.1	NC_021169.1	1221670	1222855
GCF_002813655.1	BK007_RS10100	WP_100906293.1	NZ_CP017766.1	2044250	2046776
GCF_000970205.1	MSMAS_RS10720	WP_011034614.1	NZ_CP009512.1	2512002	2514684
GCF_000151105.2	TERMP_RS03365	WP_013466951.1	NC_014804.1	582775	585454
GCF_000025685.1	HVO_RS15635	WP_236995470.1	NC_013967.1	2134122	2136648
GCF_000015945.1	SMAR_RS04755	WP_011839209.1	NC_009033.1	900039	901011
GCF_000328685.1	NATOC_RS19205	WP_015323149.1	NC_019974.1	3960836	3963281
GCF_000006805.1	VNG_RS09270	WP_010903767.1	NC_002607.1	1773914	1776266
GCF_000214725.1	MSWAN_RS04155	WP_013825357.1	NC_015574.1	902211	904722
GCF_000404225.1	H729_RS00700	WP_020448078.1	NC_021353.1	176333	177770
GCF_000196655.1	METEV_RS02600	WP_013194001.1	NC_014253.1	515398	518233
GCF_000195915.1	TA_RS05255	WP_010901427.1	NC_002578.1	1085995	1087357
GCF_000327485.1	METFOR_RS11850	WP_199483991.1	NC_019943.1	2379627	2382864
GCF_000011585.1	MMP_RS06605	WP_011171228.1	NC_005791.1	1265601	1268037
GCF_000018305.1	CMAQ_RS01630	WP_012185386.1	NC_009954.1	355221	357492
GCF_000813245.1	TCARB_RS04450	WP_052886849.1	NZ_CP007493.1	832162	833578
GCF_000404225.1	H729_RS02720	WP_020448469.1	NC_021353.1	552508	553948
GCF_000328525.1	HALRU_RS15455	WP_015302326.1	NC_019964.1	3212093	3214484
GCF_000194625.1	ARCVE_RS04455	WP_013683581.1	NC_015320.1	771508	772930
GCF_000007005.1	SSO_RS02370	WP_010922990.1	NC_002754.1	407677	409012
GCF_000217995.1	MZHIL_RS06565	WP_013898589.1	NC_015676.1	1401615	1404543
GCF_000970165.1	MSMAW_RS10320	WP_048038682.1	NZ_CP009509.1	2436465	2439147
GCF_000338775.1	SACRON12I_RS06335	WP_015385601.1	NC_020247.1	1131779	1133411
GCF_000253055.1	TTX_RS10160	WP_014127965.1	NC_016070.1	1827779	1828523
GCF_000253055.1	TTX_RS02585	WP_014126452.1	NC_016070.1	473459	475595
GCF_000340315.1	SACN8_RS03100	WP_011277537.1	NC_020246.1	516253	517213
GCF_000725425.1	PAP_RS06755	WP_048165286.1	NZ_CP006019.1	1228389	1230891
GCF_000300255.2	MMALV_RS04865	WP_015504873.1	NC_020913.1	975228	977223
GCF_000025665.1	ABOO_RS00660	WP_012997043.1	NC_013926.1	122699	124154
GCF_002945325.1	MMJJ_RS02855	WP_011170401.1	NZ_CP026606.1	537102	538719
GCF_000403645.1	L593_RS11820	WP_020447202.1	NC_021313.1	2572030	2574520
GCF_002078355.1	fad_RS03160	WP_081141741.1	NZ_CP015363.1	593249	594206
GCF_000317795.1	CALAG_RS07670	WP_015233163.1	NC_019791.1	1537777	1540405
GCF_000144915.1	ASAC_RS00930	WP_013266100.1	NC_014374.1	188635	191452
GCF_001488575.1	HHUB_RS08310	WP_059057164.1	NZ_LN831302.1	1593941	1595741
GCF_000091665.1	MJ_RS02970	WP_010870067.1	NC_000909.1	497047	497980
GCF_000007345.1	MA_RS12550	WP_011022389.1	NC_003552.1	2995207	2998648
GCF_000015225.1	TPEN_RS06935	WP_011753016.1	NC_008698.1	1307105	1308806
GCF_000092185.1	TAGG_RS04150	WP_245522012.1	NC_014160.1	801605	804425
GCF_000275605.1	PFC_RS02525	WP_011011799.1	NC_018092.1	489872	492035
GCF_000264495.1	TCELL_RS06145	WP_014737873.1	NC_017954.1	1140442	1143571
GCF_000092185.1	TAGG_RS01660	WP_245522048.1	NC_014160.1	299789	301967
GCF_000299395.1	NSED_RS06475	WP_014965453.1	NC_018656.1	1066645	1068598
GCF_000591055.1	NMLP_RS04170	WP_015408882.1	NC_020388.1	834934	836599
GCF_000092185.1	TAGG_RS04370	WP_148676554.1	NC_014160.1	833699	835100
GCF_000011105.1	PH_RS05005	WP_010885153.1	NC_000961.1	966785	968942
GCF_001266655.1	MsedA_RS05765	WP_012021089.1	NZ_CP012172.1	1077955	1079434
GCF_000019605.1	KCR_RS02225	WP_012309086.1	NC_010482.1	441203	442898
GCF_000008645.1	MTH_RS02055	WP_193330366.1	NC_000916.1	376908	378846
GCF_000018305.1	CMAQ_RS06690	WP_012186349.1	NC_009954.1	1375780	1378051
GCF_001266675.1	MsedB_RS10790	WP_012022039.1	NZ_CP012173.1	2033318	2035940
GCF_000217715.1	HALXA_RS10730	WP_013880375.1	NC_015666.1	2193889	2195707
GCF_000017625.1	MBOO_RS05785	WP_012106651.1	NC_009712.1	1102365	1104348
GCF_000234805.1	P186_RS13535	WP_014290090.1	NC_016645.1	2434942	2437363
GCF_000007065.1	MM_RS12340	WP_011034304.1	NC_003901.1	2838030	2840511
GCF_000015145.1	HBUT_RS04935	WP_011822107.1	NC_008818.1	948447	951117
GCF_900090055.1	CPM_RS00155	WP_021789589.1	NZ_LT719092.1	39425	40331
GCF_000969885.1	MSTHT_RS01925	WP_048166334.1	NZ_CP009501.1	426809	428990
GCF_000148385.1	VDIS_RS08330	WP_013336789.1	NC_014537.1	1604521	1606240
GCF_002156965.1	NMSP_RS02535	WP_192866201.1	NZ_CP021324.1	435475	437428
GCF_000069025.1	OE_RS11075	WP_010890488.1	NC_010366.1	110202	111612
GCF_000025325.1	HTUR_RS18410	WP_012944844.1	NC_013743.1	3850303	3852679
GCF_001886955.1	HSR6_RS01715	WP_071932624.1	NZ_CP016804.1	334566	336393
GCF_000017945.1	IGNI_RS01000	WP_187145979.1	NC_009776.1	165109	167935
GCF_000012545.1	MSP_RS00745	WP_011405767.1	NC_007681.1	183853	186439
GCF_002952775.1	AArcSl_RS16510	WP_119821577.1	NZ_CP025066.1	3298088	3300185
GCF_000011125.1	APE_RS07185	WP_241759751.1	NC_000854.2	1354602	1357245
GCF_000264495.1	TCELL_RS06845	WP_014738007.1	NC_017954.1	1267426	1269706
GCF_001989615.1	BV210_RS00880	WP_077204821.1	NZ_CP019067.1	171196	173200
GCF_000303155.1	NGAR_RS05705	WP_015018722.1	NC_018719.1	970310	970847
GCF_000023945.1	HUTA_RS01490	WP_012795372.1	NC_013158.1	291317	292667
GCF_000147875.1	MPET_RS10660	WP_013330039.1	NC_014507.1	2121005	2123024
GCF_000022365.1	TGAM_RS06550	WP_015858908.1	NC_012804.1	1215292	1217296
GCF_000404225.1	H729_RS07295	WP_020449366.1	NC_021353.1	1520585	1522781
GCF_000006805.1	VNG_RS09355	WP_010903784.1	NC_002607.1	1791683	1793753
GCF_000025685.1	HVO_RS04770	WP_004044974.1	NC_013967.1	12387	14871
GCF_000304355.2	BN140_RS12205	WP_197540529.1	NC_018227.2	2617514	2620031
GCF_000152265.2	FACI_RS07045	WP_009887448.1	NC_021592.1	1381035	1382559
GCF_000006805.1	VNG_RS08625	WP_010903642.1	NC_002607.1	1641217	1643557
GCF_000015765.1	MLAB_RS09280	WP_011834115.1	NC_008942.1	1799017	1801198
GCF_000026045.1	NP_RS01880	WP_011322099.1	NC_007426.1	374645	376697
GCF_001266735.1	MsedE_RS10800	WP_012022039.1	NZ_CP012176.1	2033322	2035944
GCF_000017945.1	IGNI_RS06030	WP_012123313.1	NC_009776.1	1044682	1047331
GCF_000007345.1	MA_RS15195	WP_011022846.1	NC_003552.1	3619915	3622117
GCF_000019605.1	KCR_RS03515	WP_012309331.1	NC_010482.1	694113	698262
GCF_001266735.1	MsedE_RS05790	WP_012021089.1	NZ_CP012176.1	1077955	1079434
GCF_002952775.1	AArcSl_RS14370	WP_119820793.1	NZ_CP025066.1	2897320	2899213
GCF_000328665.1	METHO_RS05650	WP_015324576.1	NC_019977.1	1185285	1186410
GCF_000204415.1	MCON_RS11360	WP_013720108.1	NC_015416.1	2287411	2290603
GCF_000007305.1	PF_RS00625	WP_011011238.1	NC_003413.1	131059	132394
GCF_000217715.1	HALXA_RS17290	WP_013881693.1	NC_015666.1	3564476	3565946
GCF_000970225.1	MSMAL_RS17445	WP_048041248.1	NZ_CP009513.1	4045563	4048158
GCF_000970045.1	MSMTP_RS10410	WP_048179040.1	NZ_CP009505.1	2514290	2515700
GCF_000025685.1	HVO_RS13095	WP_013035512.1	NC_013967.1	1614464	1616816
GCF_001548675.1	TL18_RS04565	WP_067041986.1	NZ_CP010834.1	1076091	1077090
GCF_000223905.1	HAH_RS06230	WP_044952212.1	NC_015948.1	1228899	1230234
GCF_000148385.1	VDIS_RS07960	WP_013336722.1	NC_014537.1	1531533	1532601
GCF_001266695.1	MsedC_RS11645	WP_012022205.1	NZ_CP012174.1	2179454	2180396
GCF_000147875.1	MPET_RS14245	WP_013330738.1	NC_014507.1	2840071	2842315
GCF_002214385.1	A3K92_RS04040	WP_088885039.1	NZ_CP014855.1	708310	709714
GCF_900036045.1	MAB1_RS03330	WP_062262196.1	NZ_LT158599.1	666427	667198
GCF_000008665.1	AF_RS11355	WP_052270496.1	NC_000917.1	2018485	2019574
GCF_000258425.1	FFONT_RS00500	WP_014557250.1	NC_017461.1	98534	101171
GCF_000063445.1	RCI_RS08325	WP_012035982.1	NC_009464.1	1664210	1666589
GCF_000017625.1	MBOO_RS03360	WP_012106189.1	NC_009712.1	615195	616794
GCF_001548675.1	TL18_RS04585	WP_067041995.1	NZ_CP010834.1	1079947	1083823
GCF_001190965.1	ABY42_RS04915	WP_050458848.1	NZ_CP011947.1	932462	934142
GCF_000970245.1	MSMAC_RS05885	WP_048038682.1	NZ_CP009514.1	1346584	1349266
GCF_000007005.1	SSO_RS01320	WP_009990537.1	NC_002754.1	228031	229009
GCF_000190315.1	VMUT_RS03800	WP_013604109.1	NC_015151.1	704483	707597
GCF_000011125.1	APE_RS04245	WP_010866246.1	NC_000854.2	778744	780457
GCF_000970245.1	MSMAC_RS14600	WP_048037836.1	NZ_CP009514.1	3400215	3402228
GCF_000698785.1	NVIE_RS00630	WP_075053548.1	NZ_CP007536.1	125673	126534
GCF_000204925.1	MCUP_RS06855	WP_013738062.1	NC_015435.1	1325021	1326353
GCF_001548675.1	TL18_RS10190	WP_067045123.1	NZ_CP010834.1	2190122	2192444
GCF_000800805.1	Mpt1_RS01500	WP_048111545.1	NZ_CP010070.1	324683	326177
GCF_000007225.1	PAE_RS08165	WP_011008665.1	NC_003364.1	1453402	1454758
GCF_000025325.1	HTUR_RS25205	WP_012946216.1	NC_013748.1	55757	57614
GCF_000017945.1	IGNI_RS00755	WP_011998181.1	NC_009776.1	129972	131652
GCF_001266695.1	MsedC_RS07555	WP_012021438.1	NZ_CP012174.1	1459749	1460796
GCF_000221185.1	GQS_RS06645	WP_238515722.1	NC_015865.1	1266411	1267194
GCF_001886955.1	HSR6_RS10705	WP_070365866.1	NZ_CP016804.1	2075053	2077117
GCF_002078355.1	fad_RS07225	WP_009886571.1	NZ_CP015363.1	1455994	1457326
GCF_001266735.1	MsedE_RS06970	WP_012021319.1	NZ_CP012176.1	1346994	1349097
GCF_000470655.1	HTIA_RS10320	WP_008523967.1	NC_021921.1	2099003	2101472
GCF_001266715.1	MsedD_RS02775	WP_012020509.1	NZ_CP012175.1	500924	503147
GCF_000258425.1	FFONT_RS06830	WP_014558506.1	NC_017461.1	1300804	1302931
GCF_000217715.1	HALXA_RS01440	WP_013878520.1	NC_015666.1	303023	305942
GCF_000007065.1	MM_RS13235	WP_157858627.1	NC_003901.1	3039876	3041046
GCF_000007305.1	PF_RS00245	WP_011011161.1	NC_003413.1	56553	57459
GCF_000762265.1	BRM9_RS07070	WP_048085263.1	NZ_CP006933.1	1439928	1441884
GCF_000092465.1	SHELL_RS04615	WP_013143253.1	NC_014205.1	913697	915989
GCF_000007005.1	SSO_RS04770	WP_009992401.1	NC_002754.1	813803	815459
GCF_000091665.1	MJ_RS08400	WP_010871099.1	NC_000909.1	1548400	1550455
GCF_000007225.1	PAE_RS10895	WP_011009216.1	NC_003364.1	1913014	1914406
GCF_000021965.1	MPAL_RS05305	WP_012617726.1	NC_011832.1	1091570	1093835
GCF_000008265.1	PTO_RS06270	WP_011177995.1	NC_005877.1	1196409	1199115
GCF_000009965.1	TK_RS04995	WP_011249966.1	NC_006624.1	887921	890699
GCF_001266675.1	MsedB_RS02960	WP_012020545.1	NZ_CP012173.1	537429	538761
GCF_000092465.1	SHELL_RS01760	WP_013142684.1	NC_014205.1	307667	309506
GCF_000063445.1	RCI_RS08105	WP_231844986.1	NC_009464.1	1616569	1619335
GCF_000328525.1	HALRU_RS00985	WP_015299549.1	NC_019964.1	231209	233276
GCF_000025505.1	FERP_RS03765	WP_012965268.1	NC_013849.1	659156	661343
GCF_001266735.1	MsedE_RS02960	WP_012020545.1	NZ_CP012176.1	537429	538761
GCF_000281695.1	NJ7G_RS08470	WP_014864109.1	NC_018224.1	1779951	1782732
GCF_000195935.2	PAB_RS08545	WP_010868702.1	NC_000868.1	1543814	1545176
GCF_000091665.1	MJ_RS01980	WP_010869875.1	NC_000909.1	341044	343231
GCF_000970065.1	MSBR2_RS07650	WP_048119306.1	NZ_CP009530.1	1902721	1904227
GCF_000304355.2	BN140_RS03320	WP_048104514.1	NC_018227.2	686343	688575
GCF_000195935.2	PAB_RS05210	WP_010868096.1	NC_000868.1	938159	940778
GCF_000015765.1	MLAB_RS06355	WP_011833575.1	NC_008942.1	1231172	1234370
GCF_000223395.1	PYRFU_RS02210	WP_014025981.1	NC_015931.1	404016	405642
GCF_001548675.1	TL18_RS00705	WP_067039899.1	NZ_CP010834.1	155424	156681
GCF_001006045.1	GAH_RS05065	WP_048095071.1	NZ_CP011267.1	862261	865987
GCF_000969965.1	MSWHS_RS06105	WP_048126852.1	NZ_CP009503.1	1369410	1371423
GCF_000024625.1	METVU_RS06015	WP_015733303.1	NC_013407.1	1212796	1216519
GCF_000223905.1	HAH_RS09805	WP_014040780.1	NC_015948.1	1956729	1958355
GCF_000011125.1	APE_RS03790	WP_010866157.1	NC_000854.2	685670	687290
GCF_000404165.1	ABM4_RS05140	WP_016358617.1	NC_021355.1	1256887	1259809
GCF_000025625.1	NMAG_RS08045	WP_004215719.1	NC_013922.1	1698351	1700709
GCF_000152265.2	FACI_RS09375	WP_009887966.1	NC_021592.1	1866215	1868165
GCF_000011105.1	PH_RS02125	WP_010884559.1	NC_000961.1	410888	412238
GCF_000069025.1	OE_RS11095	WP_010890482.1	NC_010366.1	121028	123968
GCF_001433455.1	TBCH5v1_RS02235	WP_013466685.1	NZ_CP013050.1	376340	377705
GCF_000022545.1	TSIB_RS03305	WP_015848956.1	NC_012883.1	623673	626358
GCF_000091665.1	MJ_RS07490	WP_010870918.1	NC_000909.1	1360253	1362680
GCF_000969905.1	MSVAZ_RS11030	WP_048120959.1	NZ_CP009520.1	2654767	2656780
GCF_000304355.2	BN140_RS03325	WP_014866562.1	NC_018227.2	688697	690821
GCF_000275605.1	PFC_RS07865	WP_011011161.1	NC_018092.1	1438544	1439450
GCF_900248165.1	NCAV_RS02855	WP_148695142.1	NZ_LT981265.1	522227	527138
GCF_000196655.1	METEV_RS08570	WP_013195120.1	NC_014253.1	1723735	1726015
GCF_000591055.1	NMLP_RS13505	WP_015410688.1	NC_020388.1	2817220	2819272
GCF_000018365.1	TON_RS02055	WP_048055141.1	NC_011529.1	363827	365198
GCF_000025865.1	MMAH_RS06110	WP_013037670.1	NC_014002.1	1242039	1243839
GCF_900036045.1	MAB1_RS12745	WP_197540529.1	NZ_LT158599.1	2669670	2672187
GCF_000025325.1	HTUR_RS14175	WP_012944006.1	NC_013743.1	2942910	2945679
GCF_000008665.1	AF_RS05810	WP_244372822.1	NC_000917.1	1024710	1027461
GCF_000698785.1	NVIE_RS00600	WP_084790537.1	NZ_CP007536.1	116607	117756
GCF_000385565.1	ASULF_RS02775	WP_015590178.1	NC_021169.1	518216	519662
GCF_001266695.1	MsedC_RS06960	WP_012021323.1	NZ_CP012174.1	1353483	1355457
GCF_000013445.1	MHUN_RS06480	WP_239441580.1	NC_007796.1	1404403	1405918
GCF_000025865.1	MMAH_RS02835	WP_013037031.1	NC_014002.1	584870	587060
GCF_000006805.1	VNG_RS08460	WP_012289450.1	NC_002607.1	1605213	1607268
GCF_001266675.1	MsedB_RS02775	WP_012020509.1	NZ_CP012173.1	500924	503147
GCF_001719125.1	BFU36_RS07845	WP_069283183.1	NZ_CP017006.1	1487709	1489692
GCF_000204415.1	MCON_RS09895	WP_013719836.1	NC_015416.1	1975643	1978556
GCF_000012285.1	SACI_RS07160	WP_011278323.1	NC_007181.1	1278856	1281487
GCF_000015765.1	MLAB_RS06240	WP_011833555.1	NC_008942.1	1207928	1208987
GCF_000223395.1	PYRFU_RS04815	WP_014026512.1	NC_015931.1	914555	917381
GCF_000017625.1	MBOO_RS05710	WP_012106637.1	NC_009712.1	1085747	1087103
GCF_000734035.1	AFULGI_RS07535	WP_010878955.1	NZ_CP006577.1	1367438	1369664
GCF_000022385.1	LS215_RS08705	WP_010922990.1	NC_012589.1	1615662	1616997
GCF_000015145.1	HBUT_RS06700	WP_011822429.1	NC_008818.1	1285707	1287330
GCF_000166095.1	MFER_RS03490	WP_013413762.1	NC_014658.1	664310	666317
GCF_000018465.1	NMAR_RS07885	WP_012215856.1	NC_010085.1	1340204	1341287
GCF_000011085.1	RR_RS09065	WP_011223461.1	NC_006396.1	1015135	1017970
GCF_000019605.1	KCR_RS05590	WP_012309725.1	NC_010482.1	1093011	1095621
GCF_000769655.1	TEU_RS07165	WP_050003126.1	NZ_CP008887.1	1326423	1327812
GCF_001563245.1	YLM1_RS08990	WP_067148767.1	NZ_CP014265.1	2111150	2113679
GCF_000024185.1	MRU_RS05470	WP_012955888.1	NC_013790.1	1428338	1430294
GCF_000404225.1	H729_RS08985	WP_020449693.1	NC_021353.1	1853026	1858402
GCF_000341715.1	MMTUC01_RS14130	WP_015412973.1	NC_020389.1	3056476	3057850
GCF_000172995.2	HBOR_RS13975	WP_006053588.1	NC_014729.1	2754312	2756373
GCF_000970045.1	MSMTP_RS01130	WP_082090446.1	NZ_CP009505.1	243080	245942
GCF_000404165.1	ABM4_RS04305	WP_016358454.1	NC_021355.1	1067892	1069848
GCF_000022485.1	YN1551_RS07800	WP_012717509.1	NC_012623.1	1388294	1389977
GCF_001266735.1	MsedE_RS02775	WP_012020509.1	NZ_CP012176.1	500924	503147
GCF_000698785.1	NVIE_RS06280	WP_075054516.1	NZ_CP007536.1	1098255	1099530
GCF_000007345.1	MA_RS12470	WP_011022374.1	NC_003552.1	2974507	2975953
GCF_000019605.1	KCR_RS01920	WP_012309025.1	NC_010482.1	380912	382868
GCF_000237865.1	HQRW_RS14150	WP_011572893.1	NC_017459.1	3133891	3135994
GCF_000007185.1	MK_RS05485	WP_011019403.1	NC_003551.1	995607	998340
GCF_000734035.1	AFULGI_RS12275	WP_052270496.1	NZ_CP006577.1	2191751	2192840
GCF_000213215.1	AHOS_RS07290	WP_013776206.1	NC_015518.1	1269395	1271030
GCF_000969905.1	MSVAZ_RS06690	WP_048119597.1	NZ_CP009520.1	1575645	1577844
GCF_000025625.1	NMAG_RS04835	WP_004216843.1	NC_013922.1	1030716	1031367
GCF_000007065.1	MM_RS07190	WP_011033333.1	NC_003901.1	1666818	1669413
GCF_000812185.1	T478_RS03150	WP_048105146.1	NZ_CP007026.1	529887	531390
GCF_000147875.1	MPET_RS10910	WP_013330088.1	NC_014507.1	2179603	2180869
GCF_001027005.1	MCM1_RS02975	WP_048117451.1	NZ_CP008746.1	770965	773158
GCF_000470655.1	HTIA_RS03090	WP_008527918.1	NC_021921.1	595483	597175
GCF_000969985.1	MSBRW_RS10765	WP_011307653.1	NZ_CP009526.1	2588216	2590229
GCF_000385565.1	ASULF_RS06695	WP_015590949.1	NC_021169.1	1233025	1237606
GCF_000092465.1	SHELL_RS07385	WP_013143789.1	NC_014205.1	1437689	1439336
GCF_002197185.1	CDI07_RS08530	WP_088181214.1	NZ_CP021848.1	1541561	1545131
GCF_000025665.1	ABOO_RS01030	WP_012997069.1	NC_013926.1	205063	210130
GCF_000025665.1	ABOO_RS05575	WP_012997332.1	NC_013926.1	1058501	1060772
GCF_000007225.1	PAE_RS00620	WP_011007099.1	NC_003364.1	107625	109290
GCF_000328665.1	METHO_RS13175	WP_015313962.1	NC_019972.1	264297	265365
GCF_900248165.1	NCAV_RS05970	WP_103286882.1	NZ_LT981265.1	1135293	1137048
GCF_000007065.1	MM_RS15610	WP_011034901.1	NC_003901.1	3623763	3625188
GCF_000011125.1	APE_RS07355	WP_010866854.1	NC_000854.2	1386885	1389732
GCF_000015145.1	HBUT_RS05100	WP_194840465.1	NC_008818.1	983389	986248
GCF_900079115.1	SSOP1_RS02385	WP_010922990.1	NZ_LT549890.1	410108	411443
GCF_000970165.1	MSMAW_RS10965	WP_048038832.1	NZ_CP009509.1	2592610	2595091
GCF_000195915.1	TA_RS03030	WP_010901012.1	NC_002578.1	616041	621114
GCF_000018365.1	TON_RS05330	WP_012572002.1	NC_011529.1	963129	964341
GCF_000189575.1	SIH_RS03735	WP_014512238.1	NC_017275.1	690778	692779
GCF_002906575.1	C2R22_RS10695	WP_103425745.1	NZ_CP026309.1	2182266	2184231
GCF_000214725.1	MSWAN_RS03495	WP_227716987.1	NC_015574.1	755911	758632
GCF_000019605.1	KCR_RS03105	WP_012309256.1	NC_010482.1	616558	617893
GCF_000195915.1	TA_RS01535	WP_241761870.1	NC_002578.1	317818	318940
GCF_000007005.1	SSO_RS00540	WP_009988933.1	NC_002754.1	90571	93199
GCF_000069025.1	OE_RS08440	WP_012289450.1	NC_010364.1	1594453	1596508
GCF_001484685.1	ADU37_RS08570	WP_238981955.1	NZ_CP012200.1	1522016	1523384
GCF_000015825.1	MEMAR_RS02165	WP_048063719.1	NC_009051.1	432445	435580
GCF_000317795.1	CALAG_RS05985	WP_015232839.1	NC_019791.1	1222159	1224985
GCF_000007005.1	SSO_RS06860	WP_010923377.1	NC_002754.1	1249712	1251431
GCF_000023985.1	MEFER_RS06455	WP_015791814.1	NC_013156.1	1198067	1200248
GCF_000341715.1	MMTUC01_RS05785	WP_015411668.1	NC_020389.1	1225294	1227925
GCF_000327485.1	METFOR_RS12510	WP_015286519.1	NC_019943.1	2511947	2513549
GCF_000304355.2	BN140_RS11400	WP_014868192.1	NC_018227.2	2430273	2431527
GCF_000970005.1	MSWH1_RS06500	WP_048127124.1	NZ_CP009504.1	1458117	1459587
GCF_002952775.1	AArcSl_RS08310	WP_119817593.1	NZ_CP025066.1	1679755	1681165
GCF_000025325.1	HTUR_RS24135	WP_012945990.1	NC_013747.1	14214	16215
GCF_000304355.2	BN140_RS13005	WP_014868510.1	NC_018227.2	2786202	2788341
GCF_000470655.1	HTIA_RS13090	WP_008526324.1	NC_021921.1	2655272	2658104
GCF_000404225.1	H729_RS03990	WP_020448719.1	NC_021353.1	838402	839812
GCF_000009965.1	TK_RS02580	WP_011249476.1	NC_006624.1	446203	448906
GCF_001266695.1	MsedC_RS00275	WP_011921200.1	NZ_CP012174.1	48826	51544
GCF_000012545.1	MSP_RS02405	WP_011406079.1	NC_007681.1	562818	564345
GCF_900095295.1	MCBB_RS03735	WP_071906513.1	NZ_LT607756.1	774576	775731
GCF_000022205.1	HLAC_RS11935	WP_049933595.1	NC_012029.1	2393844	2395584
GCF_000025665.1	ABOO_RS06185	WP_008083890.1	NC_013926.1	1168342	1171015
GCF_000827835.1	SG26_RS14385	WP_050038293.1	NZ_CP010529.1	2879617	2880952
GCF_001266735.1	MsedE_RS06990	WP_012021323.1	NZ_CP012176.1	1353485	1355459
GCF_000970145.1	MSSAC_RS15180	WP_048183887.1	NZ_CP009508.1	3566379	3568575
GCF_000317795.1	CALAG_RS03235	WP_015232314.1	NC_019791.1	649064	651185
GCF_000022465.1	YG5714_RS04335	WP_012715946.1	NC_012622.1	832328	834329
GCF_000223905.1	HAH_RS04525	WP_014039849.1	NC_015948.1	882249	884112
GCF_001577775.1	TQ32_RS00455	WP_068319992.1	NZ_CP010835.1	85970	87305
GCF_000007305.1	PF_RS10185	WP_014835517.1	NC_003413.1	1862802	1865094
GCF_000328665.1	METHO_RS11815	WP_015313735.1	NC_019972.1	2627	4937
GCF_001011115.1	HLASF_RS04875	WP_050048246.1	NZ_CP008874.1	974615	976454
GCF_000328665.1	METHO_RS12415	WP_015313859.1	NC_019972.1	129393	132531
GCF_001266695.1	MsedC_RS06940	WP_012021319.1	NZ_CP012174.1	1346992	1349095
GCF_000213215.1	AHOS_RS00315	WP_013774874.1	NC_015518.1	56468	58691
GCF_000151205.2	TAM4_RS05080	WP_014122174.1	NC_016051.1	923722	925111
GCF_000006805.1	VNG_RS04905	WP_010902906.1	NC_002607.1	940841	943682
GCF_000020905.1	DKAM_RS03570	WP_012608421.1	NC_011766.1	725129	727418
GCF_000172995.2	HBOR_RS01460	WP_006055695.1	NC_014729.1	281979	284340
GCF_001989615.1	BV210_RS03580	WP_077205317.1	NZ_CP019067.1	701889	703323
GCF_000827835.1	SG26_RS09180	WP_050037421.1	NZ_CP010529.1	1841939	1844000
GCF_000237865.1	HQRW_RS09355	WP_014556399.1	NC_017459.1	2132387	2135246
GCF_000196655.1	METEV_RS05980	WP_013194648.1	NC_014253.1	1179774	1184598
GCF_000328685.1	NATOC_RS17775	WP_015322870.1	NC_019974.1	3658670	3660131
GCF_002214465.1	A3L01_RS02640	WP_088865756.1	NZ_CP015101.1	480165	481560
GCF_000970045.1	MSMTP_RS10265	WP_048178996.1	NZ_CP009505.1	2472200	2473865
GCF_000018365.1	TON_RS03740	WP_012571685.1	NC_011529.1	676287	678963
GCF_000007305.1	PF_RS03450	WP_011011799.1	NC_003413.1	686782	688945
GCF_000022365.1	TGAM_RS08215	WP_048811290.1	NC_012804.1	1525064	1528358
GCF_000970145.1	MSSAC_RS10060	WP_048182170.1	NZ_CP009508.1	2327986	2329999
GCF_000338775.1	SACRON12I_RS01280	WP_011277181.1	NC_020247.1	220907	223025
GCF_000328525.1	HALRU_RS00765	WP_015299511.1	NC_019964.1	179552	181958
GCF_000024185.1	MRU_RS03935	WP_012955580.1	NC_013790.1	1008861	1011288
GCF_002156705.1	B1756_RS01815	WP_186336489.1	NZ_CP019893.1	356346	358314
GCF_000196655.1	METEV_RS07675	WP_013194955.1	NC_014253.1	1546468	1548259
GCF_000328665.1	METHO_RS08915	WP_015325204.1	NC_019977.1	1851861	1854066
GCF_000217715.1	HALXA_RS01265	WP_013878482.1	NC_015666.1	260373	262413
GCF_000258425.1	FFONT_RS03690	WP_014557886.1	NC_017461.1	705566	707246
GCF_000196895.1	HACJB3_RS00815	WP_008418950.1	NC_014297.1	164469	166530
GCF_900012635.1	CHITON_RS01700	WP_068576158.1	NZ_LN999010.1	302073	303408
GCF_002844335.1	BVU17_RS17910	WP_101352002.1	NZ_CP019156.1	88049	91859
GCF_000022465.1	YG5714_RS04830	WP_010923742.1	NC_012622.1	916714	917797
GCF_001266675.1	MsedB_RS06945	WP_012021319.1	NZ_CP012173.1	1346990	1349093
GCF_000022405.1	M1425_RS08140	WP_012711619.1	NC_012588.1	1518905	1520240
GCF_000281695.1	NJ7G_RS02720	WP_014863028.1	NC_018224.1	583886	585941
GCF_000026045.1	NP_RS01265	WP_011321973.1	NC_007426.1	247301	249545
GCF_001305655.1	HLASA_RS10715	WP_050049263.1	NZ_CP011564.1	2119249	2121319
GCF_000011005.1	MCP_RS08105	WP_012900353.1	NC_013665.1	1613907	1618200
GCF_000196895.1	HACJB3_RS01710	WP_008418572.1	NC_014297.1	344312	346382
GCF_000026045.1	NP_RS00530	WP_011321836.1	NC_007426.1	107217	108570
GCF_000338775.1	SACRON12I_RS07905	WP_011278469.1	NC_020247.1	1411909	1413241
GCF_000021965.1	MPAL_RS10490	WP_012618717.1	NC_011832.1	2225760	2228454
GCF_000970125.1	MSSIH_RS11070	WP_148705451.1	NZ_CP009507.1	2595608	2597054
GCF_000340315.1	SACN8_RS03895	WP_011277683.1	NC_020246.1	650811	653547
GCF_000234805.1	P186_RS12140	WP_014289802.1	NC_016645.1	2164144	2165233
GCF_000403645.1	L593_RS07590	WP_020446359.1	NC_021313.1	1679041	1681138
GCF_000007345.1	MA_RS16725	WP_011023138.1	NC_003552.1	3963803	3965996
GCF_000591055.1	NMLP_RS01380	WP_015408334.1	NC_020388.1	277124	280838
GCF_900036045.1	MAB1_RS06140	WP_062263344.1	NZ_LT158599.1	1246961	1249283
GCF_000234805.1	P186_RS05375	WP_014288429.1	NC_016645.1	980414	981770
GCF_000025685.1	HVO_RS13055	WP_013035313.1	NC_013967.1	1607340	1608753
GCF_001190965.1	ABY42_RS07780	WP_050459105.1	NZ_CP011947.1	1484412	1485747
GCF_000023945.1	HUTA_RS12875	WP_015790348.1	NC_013158.1	2689837	2691472
GCF_002813695.1	BK009_RS03255	WP_100907756.1	NZ_CP017768.1	683394	683919
GCF_001190965.1	ABY42_RS11360	WP_082220675.1	NZ_CP011947.1	2239682	2241905
GCF_000020905.1	DKAM_RS03660	WP_012608441.1	NC_011766.1	742280	744110
GCF_000018465.1	NMAR_RS05920	WP_012215488.1	NC_010085.1	1009804	1011757
GCF_000092305.1	METIN_RS07030	WP_013100791.1	NC_014122.1	1249059	1249989
GCF_000017625.1	MBOO_RS02560	WP_232385619.1	NC_009712.1	477727	479347
GCF_000007305.1	PF_RS03255	WP_011011760.1	NC_003413.1	653113	655090
GCF_000022445.1	M164_RS06160	WP_012711273.1	NC_012726.1	1186761	1188444
GCF_000015805.1	PCAL_RS01615	WP_011848992.1	NC_009073.1	291251	292622
GCF_000166095.1	MFER_RS04755	WP_013414012.1	NC_014658.1	886966	889159
GCF_001548675.1	TL18_RS04590	WP_067041998.1	NZ_CP010834.1	1083825	1085679
GCF_000023965.1	HMUK_RS02075	WP_012807977.1	NC_013202.1	430419	431778
GCF_000970325.1	MCMEM_RS02365	WP_048204698.1	NZ_CP009518.1	480580	482563
GCF_001266655.1	MsedA_RS11640	WP_012022205.1	NZ_CP012172.1	2179456	2180398
GCF_000011085.1	RR_RS16800	WP_011224485.1	NC_006396.1	2552135	2554535
GCF_000300255.2	MMALV_RS05045	WP_015504911.1	NC_020913.1	1014702	1017480
GCF_000204415.1	MCON_RS00750	WP_013718141.1	NC_015416.1	163170	166506
GCF_000017945.1	IGNI_RS02670	WP_011998551.1	NC_009776.1	460894	463714
GCF_000969905.1	MSVAZ_RS15900	WP_048122550.1	NZ_CP009520.1	3864901	3866587
GCF_000022205.1	HLAC_RS12445	WP_015911193.1	NC_012029.1	2485981	2488324
GCF_000024185.1	MRU_RS00135	WP_012954834.1	NC_013790.1	37237	38257
GCF_000017185.1	MAEO_RS04090	WP_048062378.1	NC_009635.1	842903	845408
GCF_000196895.1	HACJB3_RS08835	WP_008417325.1	NC_014297.1	1689291	1692018
GCF_000016125.1	MMARC5_RS09520	WP_011869016.1	NC_009135.1	1213056	1215039
GCF_001266715.1	MsedD_RS10785	WP_012022039.1	NZ_CP012175.1	2033322	2035944
GCF_000969985.1	MSBRW_RS11125	WP_011307590.1	NZ_CP009526.1	2682012	2683488
GCF_000300255.2	MMALV_RS01310	WP_015504168.1	NC_020913.1	236609	238034
GCF_000017165.1	MEVAN_RS02190	WP_011972238.1	NC_009634.1	481952	482525
GCF_000092185.1	TAGG_RS03970	WP_013129666.1	NC_014160.1	762419	764234
GCF_000069025.1	OE_RS13350	WP_010890482.1	NC_010367.1	17407	20347
GCF_000148385.1	VDIS_RS08180	WP_013336764.1	NC_014537.1	1573430	1575713
GCF_000009185.1	HQ_RS13870	WP_011572893.1	NC_008212.1	3117528	3119631
GCF_000338775.1	SACRON12I_RS01370	WP_011277199.1	NC_020247.1	237191	239432
GCF_000364745.1	SIL_RS07460	WP_015581279.1	NC_021058.1	1379628	1380648
GCF_000223395.1	PYRFU_RS00175	WP_014025584.1	NC_015931.1	28970	32108
GCF_000011185.1	TVG_RS07995	WP_010917746.1	NC_002689.2	1569194	1570736
GCF_000015765.1	MLAB_RS03310	WP_011833004.1	NC_008942.1	604976	606629
GCF_900090055.1	CPM_RS08340	WP_021790359.1	NZ_LT719092.1	1677148	1678684
GCF_900079115.1	SSOP1_RS08550	WP_010923549.1	NZ_LT549890.1	1598664	1601073
GCF_000970025.1	MSBRM_RS11525	WP_048155785.1	NZ_CP009528.1	2862121	2864134
GCF_000969985.1	MSBRW_RS09500	WP_011307882.1	NZ_CP009526.1	2240426	2242619
GCF_000213215.1	AHOS_RS04925	WP_048054903.1	NC_015518.1	860924	861977
GCF_000148385.1	VDIS_RS00880	WP_013335316.1	NC_014537.1	176278	179206
GCF_000007065.1	MM_RS16340	WP_011035039.1	NC_003901.1	3815864	3818726
GCF_000152265.2	FACI_RS02675	WP_009886571.1	NC_021592.1	562473	563805
GCF_000215995.1	PYCH_RS07145	WP_013906185.1	NC_015680.1	1275251	1277330
GCF_001266655.1	MsedA_RS06935	WP_012021319.1	NZ_CP012172.1	1346994	1349097
GCF_000025625.1	NMAG_RS14660	WP_004214707.1	NC_013922.1	3134860	3136810
GCF_001027005.1	MCM1_RS01065	WP_048175935.1	NZ_CP008746.1	275470	277483
GCF_000281695.1	NJ7G_RS01720	WP_049888466.1	NC_018224.1	384439	386899
GCF_000762265.1	BRM9_RS06015	WP_048085141.1	NZ_CP006933.1	1214169	1214697
GCF_001266695.1	MsedC_RS05770	WP_012021089.1	NZ_CP012174.1	1077953	1079432
GCF_001488575.1	HHUB_RS13120	WP_059058096.1	NZ_LN831302.1	2490744	2492811
GCF_000022485.1	YN1551_RS05765	WP_010922990.1	NC_012623.1	1048387	1049722
GCF_001266695.1	MsedC_RS02775	WP_012020509.1	NZ_CP012174.1	500922	503145
GCF_001412615.1	Pyrde_RS06610	WP_055409256.1	NZ_CP013011.1	1289275	1291081
GCF_000235565.1	MHAR_RS08055	WP_014587121.1	NC_017527.1	1693661	1696028
GCF_000022205.1	HLAC_RS06210	WP_015909987.1	NC_012029.1	1263282	1266108
GCF_000470655.1	HTIA_RS08700	WP_020936257.1	NC_021921.1	1763491	1767100
GCF_000591055.1	NMLP_RS05650	WP_015409163.1	NC_020388.1	1125673	1126588
GCF_000970085.1	MSSIT_RS13695	WP_048173073.1	NZ_CP009506.1	3295411	3297607
GCF_000022385.1	LS215_RS04155	WP_012713292.1	NC_012589.1	760304	762305
GCF_000007225.1	PAE_RS01045	WP_011007192.1	NC_003364.1	187057	189280
GCF_000013445.1	MHUN_RS13055	WP_011449461.1	NC_007796.1	2781512	2783618
GCF_000011085.1	RR_RS17335	WP_004964961.1	NC_006396.1	2656629	2658690
GCF_000011125.1	APE_RS04595	WP_010866319.1	NC_000854.2	858608	862574
GCF_000340315.1	SACN8_RS06335	WP_015385601.1	NC_020246.1	1131773	1133405
GCF_000220645.1	GYY_RS00070	WP_013998514.1	NC_015847.1	15938	17006
GCF_000063445.1	RCI_RS14385	WP_012037175.1	NC_009464.1	2937216	2938710
GCF_000026045.1	NP_RS09580	WP_011323646.1	NC_007426.1	1875458	1880762
GCF_000970045.1	MSMTP_RS08280	WP_048178599.1	NZ_CP009505.1	1967651	1969952
GCF_000403645.1	L593_RS00835	WP_020445017.1	NC_021313.1	171233	174095
GCF_000016525.1	MSM_RS07935	WP_011954607.1	NC_009515.1	1626825	1629417
GCF_002214365.1	A3L02_RS06970	WP_088863243.1	NZ_CP014854.1	1246343	1250084
GCF_000970085.1	MSSIT_RS11280	WP_048172447.1	NZ_CP009506.1	2647448	2648894
GCF_000328525.1	HALRU_RS07885	WP_245547806.1	NC_019964.1	1677919	1679761
GCF_000151105.2	TERMP_RS02050	WP_013466685.1	NC_014804.1	338896	340261
GCF_000025865.1	MMAH_RS05515	WP_013037551.1	NC_014002.1	1125240	1126536
GCF_002813675.1	BK008_RS11000	WP_100907756.1	NZ_CP017767.1	2251928	2252453
GCF_000195915.1	TA_RS07765	WP_010901900.1	NC_002578.1	1554746	1556273
GCF_000403645.1	L593_RS04185	WP_020445689.1	NC_021313.1	880527	883302
GCF_000251105.1	MTC_RS11760	WP_014406919.1	NC_017034.1	2240611	2241952
GCF_000204415.1	MCON_RS14270	WP_162145026.1	NC_015416.1	2843215	2845603
GCF_000470655.1	HTIA_RS06890	WP_008526160.1	NC_021921.1	1374127	1376500
GCF_000970285.1	MSHOH_RS09035	WP_048139057.1	NZ_CP009516.1	2053246	2055433
GCF_000340315.1	SACN8_RS01370	WP_011277199.1	NC_020246.1	237194	239435
GCF_000019805.1	TNEU_RS01260	WP_012349626.1	NC_010525.1	222192	223263
GCF_000591055.1	NMLP_RS05620	WP_015409157.1	NC_020388.1	1117092	1118202
GCF_000012285.1	SACI_RS03100	WP_011277537.1	NC_007181.1	516249	517209
GCF_000091665.1	MJ_RS08040	WP_010871028.1	NC_000909.1	1476243	1478580
GCF_000281695.1	NJ7G_RS05060	WP_014863448.1	NC_018224.1	1061575	1063012
GCF_000970085.1	MSSIT_RS12605	WP_048172805.1	NZ_CP009506.1	2971521	2973534
GCF_000147875.1	MPET_RS03365	WP_013328617.1	NC_014507.1	675495	677106
GCF_000007065.1	MM_RS13520	WP_011034525.1	NC_003901.1	3110848	3113587
GCF_000025865.1	MMAH_RS05250	WP_013037501.1	NC_014002.1	1069633	1071133
GCF_001190965.1	ABY42_RS00140	WP_050458413.1	NZ_CP011947.1	28541	30638
GCF_000300255.2	MMALV_RS03040	WP_015504508.1	NC_020913.1	581148	582678
GCF_900083515.1	CSP5_RS00155	WP_021789589.1	NZ_LT671858.1	39425	40331
GCF_000021965.1	MPAL_RS02970	WP_012617279.1	NC_011832.1	582511	584662
GCF_000007305.1	PF_RS07560	WP_048059063.1	NC_003413.1	1401588	1404336
GCF_900079115.1	SSOP1_RS01990	WP_009988799.1	NZ_LT549890.1	344835	347577
GCF_000725425.1	PAP_RS07070	WP_048165344.1	NZ_CP006019.1	1288134	1289547
GCF_900079115.1	SSOP1_RS01330	WP_009990537.1	NZ_LT549890.1	228997	229975
GCF_000151105.2	TERMP_RS05965	WP_048159944.1	NC_014804.1	1051279	1052428
GCF_000007225.1	PAE_RS05415	WP_011008110.1	NC_003364.1	974300	975245
GCF_000969925.1	MSTHC_RS01915	WP_048166334.1	NZ_CP009502.1	475870	478051
GCF_000970045.1	MSMTP_RS03320	WP_082090480.1	NZ_CP009505.1	726620	728354
GCF_002844335.1	BVU17_RS01260	WP_101349033.1	NZ_CP019154.1	241861	243922
GCF_000404165.1	ABM4_RS03945	WP_232216543.1	NC_021355.1	969102	972237
GCF_000092305.1	METIN_RS04615	WP_013100333.1	NC_014122.1	830290	832516
GCF_000011205.1	STK_RS13535	WP_010980545.1	NC_003106.2	2459871	2460885
GCF_000015225.1	TPEN_RS08985	WP_011753422.1	NC_008698.1	1702724	1704080
GCF_000340315.1	SACN8_RS07160	WP_011278323.1	NC_020246.1	1278860	1281491
GCF_000734035.1	AFULGI_RS01680	WP_048064221.1	NZ_CP006577.1	299081	300434
GCF_900036045.1	MAB1_RS13360	WP_062266206.1	NZ_LT158599.1	2812442	2814119
GCF_000970305.1	MSBR3_RS02640	WP_230627717.1	NZ_CP009517.1	630676	632272
GCF_001481685.1	EYM_RS02720	WP_075049564.1	NZ_CP006867.1	487358	488309
GCF_000195915.1	TA_RS03815	WP_010901157.1	NC_002578.1	786767	787637
GCF_000204925.1	MCUP_RS02475	WP_013737090.1	NC_015435.1	441690	443307
GCF_001971705.1	BB347_RS13295	WP_076583040.1	NZ_CP019327.1	2728167	2730228
GCF_000022405.1	M1425_RS03770	WP_012710851.1	NC_012588.1	710570	712571
GCF_000013445.1	MHUN_RS12210	WP_011449309.1	NC_007796.1	2600002	2601682
GCF_900248165.1	NCAV_RS04190	WP_103287191.1	NZ_LT981265.1	773603	774971
GCF_000264495.1	TCELL_RS06930	WP_014738024.1	NC_017954.1	1283465	1285604
GCF_000025505.1	FERP_RS09355	WP_012966344.1	NC_013849.1	1614549	1616178
GCF_000015765.1	MLAB_RS03990	WP_011833133.1	NC_008942.1	742532	744665
GCF_000019605.1	KCR_RS01400	WP_012308925.1	NC_010482.1	281359	281884
GCF_000020905.1	DKAM_RS03410	WP_048058837.1	NC_011766.1	688442	690584
GCF_000092185.1	TAGG_RS03410	WP_052891804.1	NC_014160.1	647282	649919
GCF_000008665.1	AF_RS00335	WP_010877585.1	NC_000917.1	68829	71109
GCF_000304355.2	BN140_RS03225	WP_162196773.1	NC_018227.2	653165	655814
GCF_000015765.1	MLAB_RS02690	WP_011832886.1	NC_008942.1	483423	486135
GCF_000364745.1	SIL_RS07620	WP_012711619.1	NC_021058.1	1410045	1411380
GCF_900079115.1	SSOP1_RS00540	WP_009988933.1	NZ_LT549890.1	91537	94165
GCF_000025665.1	ABOO_RS01570	WP_008084447.1	NC_013926.1	304899	306735
GCF_000015825.1	MEMAR_RS06950	WP_011844258.1	NC_009051.1	1407595	1409851
GCF_000021965.1	MPAL_RS00940	WP_012616892.1	NC_011832.1	213366	215370
GCF_002813085.1	BK798_RS04905	WP_100815514.1	NZ_CP017803.1	978503	980471
GCF_000341715.1	MMTUC01_RS15455	WP_015413197.1	NC_020389.1	3349054	3351067
GCF_000009185.1	HQ_RS00110	WP_011570317.1	NC_008212.1	23882	26438
GCF_000025285.1	ARCPR_RS08840	WP_012941150.1	NC_013741.1	1485231	1486584
GCF_000008265.1	PTO_RS00020	WP_011176806.1	NC_005877.1	2269	4009
GCF_000022205.1	HLAC_RS16640	WP_012660152.1	NC_012030.1	181112	184487
GCF_000025685.1	HVO_RS18070	WP_004043013.1	NC_013967.1	2604484	2607241
GCF_000253055.1	TTX_RS04115	WP_014126762.1	NC_016070.1	736568	739316
GCF_000193375.1	TUZN_RS08275	WP_013680510.1	NC_015315.1	1484894	1487315
GCF_000253055.1	TTX_RS03980	WP_014126739.1	NC_016070.1	713122	714481
GCF_000017625.1	MBOO_RS04245	WP_012106355.1	NC_009712.1	783559	785797
GCF_000172995.2	HBOR_RS10610	WP_006056783.1	NC_014729.1	2099142	2100819
GCF_000092305.1	METIN_RS00380	WP_013099496.1	NC_014122.1	70160	71234
GCF_000404165.1	ABM4_RS00485	WP_016357724.1	NC_021355.1	114997	117364
GCF_000025685.1	HVO_RS06070	WP_004044639.1	NC_013967.1	254075	256130
GCF_000017625.1	MBOO_RS01810	WP_011991363.1	NC_009712.1	347585	349376
GCF_000018365.1	TON_RS08795	WP_012572686.1	NC_011529.1	1591992	1592757
GCF_000237865.1	HQRW_RS06300	WP_014555924.1	NC_017459.1	1420296	1421706
GCF_000213215.1	AHOS_RS10955	WP_013776901.1	NC_015518.1	1922348	1924463
GCF_000025625.1	NMAG_RS01780	WP_004213899.1	NC_013922.1	377120	378875
GCF_000007065.1	MM_RS14015	WP_011034614.1	NC_003901.1	3232921	3235603
GCF_000022205.1	HLAC_RS13415	WP_015911383.1	NC_012029.1	2694088	2696563
GCF_000328665.1	METHO_RS07385	WP_048831282.1	NC_019977.1	1541920	1544398
GCF_000019605.1	KCR_RS03620	WP_012309348.1	NC_010482.1	716736	719664
GCF_000011125.1	APE_RS06715	WP_010866732.1	NC_000854.2	1264451	1265435
GCF_000281695.1	NJ7G_RS18290	WP_014865879.1	NC_018225.1	54434	57341
GCF_000018365.1	TON_RS05470	WP_012572029.1	NC_011529.1	984125	986495
GCF_000969965.1	MSWHS_RS06920	WP_048127124.1	NZ_CP009503.1	1559547	1561017
GCF_000970145.1	MSSAC_RS11010	WP_048182489.1	NZ_CP009508.1	2607560	2610422
GCF_000023965.1	HMUK_RS08265	WP_015762686.1	NC_013202.1	1645373	1646093
GCF_000328685.1	NATOC_RS16000	WP_015322519.1	NC_019974.1	3277075	3279901
GCF_000213215.1	AHOS_RS09170	WP_013776551.1	NC_015518.1	1595433	1596252
GCF_900036045.1	MAB1_RS13305	WP_062266187.1	NZ_LT158599.1	2803883	2805323
GCF_000234805.1	P186_RS13480	WP_148683108.1	NC_016645.1	2426138	2428097
GCF_000253055.1	TTX_RS04720	WP_231818786.1	NC_016070.1	849361	851311
GCF_000012545.1	MSP_RS02875	WP_011406172.1	NC_007681.1	663236	665186
GCF_000025325.1	HTUR_RS09925	WP_187291444.1	NC_013743.1	2088962	2090420
GCF_001484685.1	ADU37_RS06515	WP_058946846.1	NZ_CP012200.1	1157582	1158947
GCF_000217715.1	HALXA_RS03845	WP_013878998.1	NC_015666.1	776600	778964
GCF_000340315.1	SACN8_RS05195	WP_015385551.1	NC_020246.1	890295	891342
GCF_000385565.1	ASULF_RS06680	WP_201763915.1	NC_021169.1	1229085	1229559
GCF_000011205.1	STK_RS00040	WP_010977932.1	NC_003106.2	5969	8819
GCF_000303155.1	NGAR_RS03355	WP_228369276.1	NC_018719.1	561612	563778
GCF_000281695.1	NJ7G_RS00215	WP_014862560.1	NC_018224.1	50185	52552
GCF_001266715.1	MsedD_RS07555	WP_012021438.1	NZ_CP012175.1	1459751	1460798
GCF_000015805.1	PCAL_RS04190	WP_011849469.1	NC_009073.1	753052	754102
GCF_001266715.1	MsedD_RS05770	WP_012021089.1	NZ_CP012175.1	1077955	1079434
GCF_000015825.1	MEMAR_RS07045	WP_011844279.1	NC_009051.1	1430830	1432648
GCF_000812185.1	T478_RS02600	WP_048104956.1	NZ_CP007026.1	431230	432586
GCF_000015225.1	TPEN_RS02135	WP_011752090.1	NC_008698.1	379073	380036
GCF_000328665.1	METHO_RS09245	WP_015325270.1	NC_019977.1	1924174	1925443
GCF_000258425.1	FFONT_RS04095	WP_014557967.1	NC_017461.1	783697	784657
GCF_000303155.1	NGAR_RS02030	WP_228369255.1	NC_018719.1	329150	331718
GCF_000404165.1	ABM4_RS05655	WP_016358721.1	NC_021355.1	1361793	1363092
GCF_000022205.1	HLAC_RS01320	WP_012659511.1	NC_012029.1	287159	290078
GCF_000217715.1	HALXA_RS02160	WP_013878661.1	NC_015666.1	440658	443013
GCF_000069025.1	OE_RS08605	WP_010903642.1	NC_010364.1	1629467	1631807
GCF_000021965.1	MPAL_RS13960	WP_012619368.1	NC_011832.1	2919465	2921649
GCF_000015145.1	HBUT_RS03325	WP_011821815.1	NC_008818.1	621043	622552
GCF_000017945.1	IGNI_RS05850	WP_012123278.1	NC_009776.1	1014624	1016256
GCF_000025325.1	HTUR_RS07385	WP_012942693.1	NC_013743.1	1563585	1565454
GCF_000970065.1	MSBR2_RS01215	WP_048116685.1	NZ_CP009530.1	281946	283959
GCF_000970125.1	MSSIH_RS13685	WP_048173073.1	NZ_CP009507.1	3259507	3261703
GCF_000217715.1	HALXA_RS11235	WP_013880480.1	NC_015666.1	2299461	2302302
GCF_001971705.1	BB347_RS06190	WP_168170934.1	NZ_CP019327.1	1261135	1262176
GCF_000015765.1	MLAB_RS06105	WP_011833529.1	NC_008942.1	1172720	1175012
GCF_000022205.1	HLAC_RS15600	WP_015911581.1	NC_012028.1	418761	420162
GCF_900036045.1	MAB1_RS09560	WP_062264719.1	NZ_LT158599.1	1937875	1939804
GCF_002116695.1	B6F84_RS11525	WP_236748955.1	NZ_CP020477.1	2201380	2202982
GCF_000008665.1	AF_RS05980	WP_010878676.1	NC_000917.1	1052537	1053842
GCF_000404225.1	H729_RS07005	WP_020449312.1	NC_021353.1	1464358	1466557
GCF_000969965.1	MSWHS_RS09985	WP_048127563.1	NZ_CP009503.1	2290546	2292739
GCF_000025625.1	NMAG_RS09890	WP_004267386.1	NC_013922.1	2114704	2116765
GCF_000970265.1	MSLAZ_RS08165	WP_048125922.1	NZ_CP009515.1	1944026	1946219
GCF_000517625.1	HALLA_RS19585	WP_242406265.1	NZ_CP007059.1	88440	90324
GCF_000213215.1	AHOS_RS04160	WP_048054565.1	NC_015518.1	755786	756794
GCF_000007065.1	MM_RS17090	WP_011035178.1	NC_003901.1	4000506	4002519
GCF_000063445.1	RCI_RS03415	WP_012034991.1	NC_009464.1	666741	668001
GCF_000969925.1	MSTHC_RS13110	WP_048166680.1	NZ_CP009502.1	3057753	3059766
GCF_000011085.1	RR_RS04825	WP_004963031.1	NC_006396.1	158838	160704
GCF_000025625.1	NMAG_RS11650	WP_004215428.1	NC_013922.1	2477840	2479703
GCF_000970245.1	MSMAC_RS00565	WP_015411668.1	NZ_CP009514.1	130760	133391
GCF_000340315.1	SACN8_RS01280	WP_011277181.1	NC_020246.1	220910	223028
GCF_000023965.1	HMUK_RS09130	WP_015762861.1	NC_013202.1	1814654	1816265
GCF_000015205.1	PISL_RS09795	WP_011763623.1	NC_008701.1	1716984	1718340
GCF_000446015.1	N186_RS04435	WP_148682063.1	NC_022093.1	800831	802712
GCF_000022405.1	M1425_RS06240	WP_012711273.1	NC_012588.1	1205989	1207672
GCF_002214525.1	A3L12_RS07395	WP_088883023.1	NZ_CP015104.1	1369126	1372906
GCF_000191585.1	METBO_RS05545	WP_013644700.1	NC_015216.1	1105732	1107694
GCF_000063445.1	RCI_RS00025	WP_012034330.1	NC_009464.1	5373	6714
GCF_000275605.1	PFC_RS08960	WP_014835536.1	NC_018092.1	1650893	1652237
GCF_000258425.1	FFONT_RS06715	WP_014558484.1	NC_017461.1	1277528	1279739
GCF_000327485.1	METFOR_RS13140	WP_015286643.1	NC_019943.1	2616505	2618176
GCF_000013445.1	MHUN_RS07915	WP_011448516.1	NC_007796.1	1741177	1744426
GCF_000204415.1	MCON_RS16785	WP_013720712.1	NC_015416.1	2933528	2937458
GCF_000025685.1	HVO_RS09590	WP_004043923.1	NC_013967.1	927832	929494
GCF_000020905.1	DKAM_RS00535	WP_012607783.1	NC_011766.1	98068	98662
GCF_000970085.1	MSSIT_RS06550	WP_048170999.1	NZ_CP009506.1	1510178	1511981
GCF_000144915.1	ASAC_RS02250	WP_013266356.1	NC_014374.1	441692	444590
GCF_000015205.1	PISL_RS08455	WP_011763373.1	NC_008701.1	1494227	1496192
GCF_000144915.1	ASAC_RS05425	WP_238523594.1	NC_014374.1	1072226	1073843
GCF_000022205.1	HLAC_RS13095	WP_015911319.1	NC_012029.1	2620098	2622153
GCF_000144915.1	ASAC_RS02820	WP_013266470.1	NC_014374.1	545300	549332
GCF_000217715.1	HALXA_RS20500	WP_013876002.1	NC_015659.1	14182	15937
GCF_000025505.1	FERP_RS10840	WP_012966628.1	NC_013849.1	1865832	1867899
GCF_000306765.2	HFX_RS00135	WP_004058788.1	NC_017941.2	27667	29752
GCF_001488575.1	HHUB_RS12450	WP_059057923.1	NZ_LN831302.1	2364326	2366774
GCF_000025685.1	HVO_RS19460	WP_013035705.1	NC_013968.1	44459	45461
GCF_000012285.1	SACI_RS01370	WP_011277199.1	NC_007181.1	237190	239431
GCF_900012635.1	CHITON_RS06460	WP_197658808.1	NZ_LN999010.1	1227987	1229331
GCF_000022485.1	YN1551_RS09620	WP_012717652.1	NC_012623.1	1741372	1743373
GCF_001027005.1	MCM1_RS13620	WP_048154870.1	NZ_CP008746.1	3370036	3371542
GCF_000025285.1	ARCPR_RS01900	WP_012939783.1	NC_013741.1	324154	325087
GCF_000022385.1	LS215_RS06675	WP_012713658.1	NC_012589.1	1275500	1277183
GCF_002214505.1	A3L11_RS06605	WP_088856980.1	NZ_CP015103.1	1226892	1228287
GCF_000341715.1	MMTUC01_RS12735	WP_015412738.1	NC_020389.1	2734280	2736962
GCF_000011585.1	MMP_RS00085	WP_011169955.1	NC_005791.1	20973	22041
GCF_900079115.1	SSOP1_RS09475	WP_009991421.1	NZ_LT549890.1	1766181	1768179
GCF_000008645.1	MTH_RS03810	WP_010876445.1	NC_000916.1	736544	738617
GCF_000069025.1	OE_RS09335	WP_010903784.1	NC_010364.1	1779933	1782003
GCF_000827835.1	SG26_RS08155	WP_050037315.1	NZ_CP010529.1	1642680	1644726
GCF_000265525.1	CL1_RS05585	WP_014788917.1	NC_018015.1	1051073	1051541
GCF_000195915.1	TA_RS04335	WP_010901249.1	NC_002578.1	901491	904176
GCF_000317795.1	CALAG_RS01345	WP_015231955.1	NC_019791.1	292262	293591
GCF_000025685.1	HVO_RS09350	WP_013035247.1	NC_013967.1	880820	882740
GCF_000026045.1	NP_RS09515	WP_011323631.1	NC_007426.1	1850831	1852241
GCF_001433455.1	TBCH5v1_RS00085	WP_056933042.1	NZ_CP013050.1	15858	17220
GCF_900083515.1	CSP5_RS08465	WP_148690133.1	NZ_LT671858.1	1709743	1711279
GCF_000148385.1	VDIS_RS02585	WP_013335654.1	NC_014537.1	511798	514090
GCF_000013445.1	MHUN_RS09725	WP_011448848.1	NC_007796.1	2110752	2113413
GCF_000970005.1	MSWH1_RS07920	WP_048127563.1	NZ_CP009504.1	1791325	1793518
GCF_000698785.1	NVIE_RS00690	WP_075053560.1	NZ_CP007536.1	137472	138780
GCF_000317795.1	CALAG_RS02815	WP_015232232.1	NC_019791.1	552815	555074
GCF_000470655.1	HTIA_RS13905	WP_008528522.1	NC_021913.1	10497	12033
GCF_000091665.1	MJ_RS01555	WP_010869792.1	NC_000909.1	276537	279063
GCF_000304355.2	BN140_RS05490	WP_014866999.1	NC_018227.2	1133698	1136536
GCF_000011085.1	RR_RS00340	WP_011222177.1	NC_006390.1	23336	25775
GCF_000300255.2	MMALV_RS03720	WP_147525279.1	NC_020913.1	740094	742944
GCF_000403645.1	L593_RS10075	WP_049894046.1	NC_021313.1	2224311	2226408
GCF_000025685.1	HVO_RS04845	WP_004045019.1	NC_013967.1	28189	30286
GCF_001767315.1	HTSR_RS01765	WP_070364325.1	NZ_CP016070.1	347423	349250
GCF_000069025.1	OE_RS03045	WP_148265492.1	NC_010364.1	578398	579943
GCF_000969945.1	MSKOL_RS16200	WP_048157698.1	NZ_CP009524.1	3952827	3954513
GCF_001266655.1	MsedA_RS08865	WP_048060133.1	NZ_CP012172.1	1677086	1678703
GCF_000213215.1	AHOS_RS03735	WP_013775535.1	NC_015518.1	683104	685828
GCF_000012285.1	SACI_RS01280	WP_011277181.1	NC_007181.1	220906	223024
GCF_002813655.1	BK007_RS10350	WP_100906340.1	NZ_CP017766.1	2114833	2115280
GCF_900036045.1	MAB1_RS03455	WP_014866562.1	NZ_LT158599.1	709068	711192
GCF_000221185.1	GQS_RS03210	WP_014012237.1	NC_015865.1	625107	626508
GCF_000193375.1	TUZN_RS03120	WP_013679479.1	NC_015315.1	565122	567078
GCF_000970045.1	MSMTP_RS17325	WP_048182099.1	NZ_CP009505.1	4106841	4109184
GCF_000725425.1	PAP_RS05260	WP_048165026.1	NZ_CP006019.1	948160	949411
GCF_000172995.2	HBOR_RS05955	WP_006054049.1	NC_014729.1	1142105	1144871
GCF_000281695.1	NJ7G_RS06030	WP_014863621.1	NC_018224.1	1255779	1257690
GCF_000800805.1	Mpt1_RS03045	WP_082007233.1	NZ_CP010070.1	648034	649447
GCF_000213215.1	AHOS_RS00635	WP_013774935.1	NC_015518.1	120313	122122
GCF_000025685.1	HVO_RS19270	WP_004044943.1	NC_013967.1	2841652	2844229
GCF_000734035.1	AFULGI_RS06125	WP_010878676.1	NZ_CP006577.1	1098733	1100038
GCF_000275605.1	PFC_RS07845	WP_011011165.1	NC_018092.1	1434540	1437051
GCF_002813695.1	BK009_RS00970	WP_100907578.1	NZ_CP017768.1	187861	189700
GCF_000007005.1	SSO_RS01980	WP_009988799.1	NC_002754.1	343868	346610
GCF_000217715.1	HALXA_RS11690	WP_013880574.1	NC_015666.1	2405299	2407264
GCF_000011085.1	RR_RS06740	WP_049939137.1	NC_006396.1	535266	536601
GCF_000022365.1	TGAM_RS05925	WP_015858782.1	NC_012804.1	1107726	1110132
GCF_000214725.1	MSWAN_RS05305	WP_013825584.1	NC_015574.1	1150414	1152379
GCF_001266675.1	MsedB_RS00275	WP_011921200.1	NZ_CP012173.1	48828	51546
GCF_000019605.1	KCR_RS03610	WP_012309346.1	NC_010482.1	710500	715333
GCF_001719125.1	BFU36_RS01635	WP_069281726.1	NZ_CP017006.1	333719	335327
GCF_000022385.1	LS215_RS04510	WP_012713341.1	NC_012589.1	820602	821685
GCF_900095295.1	MCBB_RS04160	WP_071906579.1	NZ_LT607756.1	868631	871145
GCF_000025685.1	HVO_RS12990	WP_004041612.1	NC_013967.1	1590525	1592613
GCF_000016525.1	MSM_RS07530	WP_004033385.1	NC_009515.1	1524379	1525669
GCF_000011205.1	STK_RS01890	WP_010978295.1	NC_003106.2	353677	354646
GCF_000812185.1	T478_RS04505	WP_048105501.1	NZ_CP007026.1	739253	741194
GCF_000007225.1	PAE_RS10880	WP_011009213.1	NC_003364.1	1907252	1911080
GCF_000189575.1	SIH_RS03425	WP_014512192.1	NC_017275.1	640277	641360
GCF_000193375.1	TUZN_RS01635	WP_013679178.1	NC_015315.1	306333	307377
GCF_000015765.1	MLAB_RS04460	WP_011833222.1	NC_008942.1	834588	837093
GCF_001011115.1	HLASF_RS10485	WP_050049263.1	NZ_CP008874.1	2075487	2077557
GCF_000338775.1	SACRON12I_RS07160	WP_011278323.1	NC_020247.1	1278867	1281498
GCF_001266675.1	MsedB_RS07560	WP_012021438.1	NZ_CP012173.1	1459747	1460794
GCF_000196895.1	HACJB3_RS00130	WP_008419183.1	NC_014297.1	21825	24162
GCF_002813655.1	BK007_RS11315	WP_100906508.1	NZ_CP017766.1	2323479	2325435
GCF_000196655.1	METEV_RS05860	WP_013194623.1	NC_014253.1	1151103	1152465
GCF_000196895.1	HACJB3_RS04530	WP_008414400.1	NC_014297.1	915071	916871
GCF_000009185.1	HQ_RS05540	WP_011571345.1	NC_008212.1	1302339	1304355
GCF_000214725.1	MSWAN_RS02210	WP_013824983.1	NC_015574.1	491702	493295
GCF_000063445.1	RCI_RS11055	WP_012036523.1	NC_009464.1	2232180	2234403
GCF_002906575.1	C2R22_RS20995	WP_103427503.1	NZ_CP026309.1	4246415	4248464
GCF_001481685.1	EYM_RS02600	WP_075049545.1	NZ_CP006867.1	468256	469909
GCF_000300255.2	MMALV_RS05380	WP_015504980.1	NC_020913.1	1094213	1095629
GCF_001266655.1	MsedA_RS02960	WP_012020545.1	NZ_CP012172.1	537429	538761
GCF_000235565.1	MHAR_RS06520	WP_014586820.1	NC_017527.1	1365163	1367155
GCF_000145295.1	MTBMA_RS04120	WP_013295657.1	NC_014408.1	757396	759340
GCF_000827835.1	SG26_RS19695	WP_050038623.1	NZ_CP010532.1	98352	102162
GCF_001266655.1	MsedA_RS06955	WP_012021323.1	NZ_CP012172.1	1353485	1355459
GCF_000019605.1	KCR_RS07060	WP_012309996.1	NC_010482.1	1350630	1352718
GCF_000828575.1	MTCT_RS02915	WP_048060872.1	NZ_AP011952.1	574166	576668
GCF_000166095.1	MFER_RS00155	WP_013413111.1	NC_014658.1	30426	32889
GCF_000223395.1	PYRFU_RS08055	WP_014027171.1	NC_015931.1	1530433	1533262
GCF_000172995.2	HBOR_RS09155	WP_006057076.1	NC_014729.1	1827086	1829933
GCF_000017945.1	IGNI_RS05790	WP_012123266.1	NC_009776.1	1004312	1005260
GCF_002156705.1	B1756_RS07340	WP_086890086.1	NZ_CP019893.1	1485389	1487450
GCF_000016125.1	MMARC5_RS02445	WP_011868251.1	NC_009135.1	437559	438135
GCF_000328685.1	NATOC_RS20445	WP_015323399.1	NC_019976.1	194960	197684
GCF_000023965.1	HMUK_RS03285	WP_015761668.1	NC_013202.1	655870	658297
GCF_000025325.1	HTUR_RS18240	WP_012944809.1	NC_013743.1	3813786	3815850
GCF_001266715.1	MsedD_RS00275	WP_011921200.1	NZ_CP012175.1	48828	51546
GCF_000223395.1	PYRFU_RS02530	WP_014026054.1	NC_015931.1	477336	479253
GCF_000013725.1	MBUR_RS04715	WP_048063536.1	NC_007955.1	991199	993476
GCF_000300255.2	MMALV_RS05500	WP_015505003.1	NC_020913.1	1109094	1110915
GCF_000006805.1	VNG_RS05485	WP_012289321.1	NC_002607.1	1043751	1045554
GCF_000404225.1	H729_RS04455	WP_048133944.1	NC_021353.1	926090	928304
GCF_000281695.1	NJ7G_RS13195	WP_014864962.1	NC_018224.1	2717077	2718880
GCF_000970185.1	MSMAP_RS08640	WP_048043280.1	NZ_CP009511.1	2026205	2027630
GCF_000013725.1	MBUR_RS03760	WP_011498855.1	NC_007955.1	762084	764919
GCF_001989615.1	BV210_RS02520	WP_157525768.1	NZ_CP019067.1	502578	503466
GCF_000317795.1	CALAG_RS02360	WP_015232146.1	NC_019791.1	479329	480928
GCF_000338775.1	SACRON12I_RS05195	WP_015385551.1	NC_020247.1	890299	891346
GCF_000011005.1	MCP_RS08900	WP_012900510.1	NC_013665.1	1758803	1760165
GCF_000016525.1	MSM_RS07915	WP_011954604.1	NC_009515.1	1619671	1621639
GCF_000195915.1	TA_RS04320	WP_010901246.1	NC_002578.1	896913	898938
GCF_000300255.2	MMALV_RS05785	WP_015505059.1	NC_020913.1	1169400	1170948
GCF_000147875.1	MPET_RS06900	WP_013329296.1	NC_014507.1	1385036	1386515
GCF_000015145.1	HBUT_RS05585	WP_011822229.1	NC_008818.1	1085149	1087969
GCF_000012545.1	MSP_RS00025	WP_011405624.1	NC_007681.1	4252	7066
GCF_000195935.2	PAB_RS04705	WP_010868004.1	NC_000868.1	847404	849552
GCF_000970165.1	MSMAW_RS07370	WP_015413197.1	NZ_CP009509.1	1704419	1706432
GCF_000828575.1	MTCT_RS01900	WP_173402625.1	NZ_AP011952.1	339623	341558
GCF_000970045.1	MSMTP_RS10805	WP_197076071.1	NZ_CP009505.1	2609106	2611440
GCF_000970165.1	MSMAW_RS08025	WP_048044700.1	NZ_CP009509.1	1865383	1868245
GCF_000015945.1	SMAR_RS01630	WP_011838628.1	NC_009033.1	342908	344642
GCF_000264495.1	TCELL_RS05905	WP_014737824.1	NC_017954.1	1088118	1090776
GCF_001971705.1	BB347_RS07000	WP_076582261.1	NZ_CP019327.1	1419665	1423466
GCF_000191585.1	METBO_RS10900	WP_013645770.1	NC_015216.1	2234647	2236237
GCF_000025665.1	ABOO_RS02525	WP_008081954.1	NC_013926.1	487945	489301
GCF_000591035.1	ACAM_RS03555	WP_022541437.1	NC_022521.1	647334	648954
GCF_000303155.1	NGAR_RS00520	WP_015017631.1	NC_018719.1	80599	82231
GCF_000012545.1	MSP_RS00035	WP_011405626.1	NC_007681.1	7472	9731
GCF_000016525.1	MSM_RS06000	WP_004032747.1	NC_009515.1	1168991	1171310
GCF_000008665.1	AF_RS09420	WP_010879367.1	NC_000917.1	1685465	1687106
GCF_000970265.1	MSLAZ_RS10045	WP_048126459.1	NZ_CP009515.1	2432847	2434860
GCF_000186365.1	DESMU_RS01625	WP_013561853.1	NC_014961.1	300032	300644
GCF_000015825.1	MEMAR_RS12050	WP_011845271.1	NC_009051.1	2421702	2423136
GCF_001266675.1	MsedB_RS08910	WP_012021692.1	NZ_CP012173.1	1684369	1687165
GCF_000018305.1	CMAQ_RS07115	WP_048062732.1	NC_009954.1	1458129	1459074
GCF_000196895.1	HACJB3_RS10460	WP_008416925.1	NC_014297.1	2007169	2008768
GCF_000172995.2	HBOR_RS01065	WP_006055614.1	NC_014729.1	202855	205381
GCF_000328525.1	HALRU_RS13635	WP_015301970.1	NC_019964.1	2838171	2840172
GCF_000970245.1	MSMAC_RS14520	WP_048037526.1	NZ_CP009514.1	3373132	3375316
GCF_002214485.1	A3L08_RS05665	WP_088854092.1	NZ_CP015102.1	1012050	1013445
GCF_000025285.1	ARCPR_RS01110	WP_012939630.1	NC_013741.1	188764	190975
GCF_000970245.1	MSMAC_RS16035	WP_048040991.1	NZ_CP009514.1	3759995	3761420
GCF_000327485.1	METFOR_RS13705	WP_015286755.1	NC_019943.1	2710189	2712025
GCF_000023965.1	HMUK_RS11705	WP_015763377.1	NC_013202.1	2325482	2328302
GCF_000008665.1	AF_RS11840	WP_010879836.1	NC_000917.1	2096874	2099706
GCF_000204925.1	MCUP_RS04440	WP_013737482.1	NC_015435.1	789423	791388
GCF_001266675.1	MsedB_RS08875	WP_048060133.1	NZ_CP012173.1	1677082	1678699
GCF_000022445.1	M164_RS08345	WP_012711619.1	NC_012726.1	1545037	1546372
GCF_000013725.1	MBUR_RS00920	WP_011498352.1	NC_007955.1	159146	161624
GCF_000195935.2	PAB_RS01050	WP_010867320.1	NC_000868.1	199217	200558
GCF_000016385.1	PARS_RS10925	WP_011901603.1	NC_009376.1	1929357	1931310
GCF_000338775.1	SACRON12I_RS03895	WP_011277683.1	NC_020247.1	650812	653548
GCF_000215995.1	PYCH_RS03805	WP_013905518.1	NC_015680.1	669359	672779
GCF_000024185.1	MRU_RS04020	WP_012955598.1	NC_013790.1	1028496	1031322
GCF_001889405.1	BHR79_RS08390	WP_072561903.1	NZ_CP017921.1	1619861	1620575
GCF_000007225.1	PAE_RS07000	WP_011008435.1	NC_003364.1	1255647	1258392
GCF_000304355.2	BN140_RS09360	WP_014867769.1	NC_018227.2	1927234	1929163
GCF_000007225.1	PAE_RS05235	WP_128867208.1	NC_003364.1	941727	943704
GCF_000970205.1	MSMAS_RS05420	WP_011032228.1	NZ_CP009512.1	1221060	1221528
GCF_000015825.1	MEMAR_RS12080	WP_011845278.1	NC_009051.1	2427140	2428817
GCF_000172995.2	HBOR_RS00920	WP_006055585.1	NC_014729.1	171228	173343
GCF_000025865.1	MMAH_RS04675	WP_013037392.1	NC_014002.1	948197	951023
GCF_000021965.1	MPAL_RS05205	WP_236610437.1	NC_011832.1	1069022	1070654
GCF_000800805.1	Mpt1_RS03635	WP_048112268.1	NZ_CP010070.1	771941	773483
GCF_000404225.1	H729_RS02520	WP_020448433.1	NC_021353.1	516851	518426
GCF_000022205.1	HLAC_RS19470	WP_015911528.1	NC_012028.1	277514	282308
GCF_000012545.1	MSP_RS05840	WP_011406758.1	NC_007681.1	1346943	1349448
GCF_000009185.1	HQ_RS11600	WP_011572476.1	NC_008212.1	2611500	2616792
GCF_000970205.1	MSMAS_RS08940	WP_011034901.1	NZ_CP009512.1	2097170	2098595
GCF_000970145.1	MSSAC_RS14215	WP_048183530.1	NZ_CP009508.1	3362931	3363399
GCF_000012545.1	MSP_RS03830	WP_011406360.1	NC_007681.1	893332	896116
GCF_000007005.1	SSO_RS11950	WP_010923869.1	NC_002754.1	2231617	2233765
GCF_000147875.1	MPET_RS00855	WP_013328125.1	NC_014507.1	180781	182494
GCF_000591055.1	NMLP_RS02275	WP_015408507.1	NC_020388.1	449338	451366
GCF_000022205.1	HLAC_RS15805	WP_015911608.1	NC_012028.1	494627	497195
GCF_000022465.1	YG5714_RS01250	WP_010923869.1	NC_012622.1	216089	218237
GCF_000970185.1	MSMAP_RS06950	WP_011035194.1	NZ_CP009511.1	1591831	1594015
GCF_002813675.1	BK008_RS10020	WP_100907682.1	NZ_CP017767.1	2041101	2043057
GCF_000189575.1	SIH_RS08475	WP_012711619.1	NC_017275.1	1569054	1570389
GCF_000303155.1	NGAR_RS09170	WP_015019426.1	NC_018719.1	1527231	1529454
GCF_000698785.1	NVIE_RS10620	WP_084790779.1	NZ_CP007536.1	1869976	1871569
GCF_000092185.1	TAGG_RS04550	WP_013129782.1	NC_014160.1	865673	868814
GCF_000172995.2	HBOR_RS07105	WP_006054277.1	NC_014729.1	1385263	1387195
GCF_000816105.1	X802_RS01170	WP_062370280.1	NZ_CP007140.1	204695	206084
GCF_000327485.1	METFOR_RS02280	WP_015284491.1	NC_019943.1	459345	461442
GCF_000969885.1	MSTHT_RS04130	WP_048166680.1	NZ_CP009501.1	977410	979423
GCF_000023965.1	HMUK_RS05495	WP_015762125.1	NC_013202.1	1097739	1099794
GCF_001305655.1	HLASA_RS05595	WP_244878162.1	NZ_CP011564.1	1130075	1131524
GCF_000403645.1	L593_RS08410	WP_020446528.1	NC_021313.1	1864152	1866699
GCF_000011085.1	RR_RS08270	WP_011223341.1	NC_006396.1	832275	835026
GCF_000148385.1	VDIS_RS00890	WP_148678156.1	NC_014537.1	181964	182732
GCF_000022545.1	TSIB_RS07840	WP_015849877.1	NC_012883.1	1450832	1453358
GCF_001488575.1	HHUB_RS04075	WP_059056322.1	NZ_LN831302.1	795544	797125
GCF_000022445.1	M164_RS03625	WP_010923742.1	NC_012726.1	687270	688353
GCF_000970225.1	MSMAL_RS09885	WP_011035178.1	NZ_CP009513.1	2314499	2316512
GCF_000263735.1	PY04_RS04180	WP_237710150.1	NC_017946.1	806291	808397
GCF_000304355.2	BN140_RS12705	WP_014868452.1	NC_018227.2	2732599	2734039
GCF_000217995.1	MZHIL_RS04435	WP_013898172.1	NC_015676.1	950679	952035
GCF_000970225.1	MSMAL_RS10780	WP_048040646.1	NZ_CP009513.1	2535142	2537824
GCF_001190965.1	ABY42_RS08415	WP_050459185.1	NZ_CP011947.1	1610801	1612844
GCF_001266735.1	MsedE_RS00275	WP_011921200.1	NZ_CP012176.1	48828	51546
GCF_000258425.1	FFONT_RS00920	WP_014557330.1	NC_017461.1	177018	180186
GCF_000223395.1	PYRFU_RS02050	WP_014025947.1	NC_015931.1	363205	366307
GCF_000970045.1	MSMTP_RS07140	WP_048178423.1	NZ_CP009505.1	1670390	1673234
GCF_001458655.1	MB9_RS03280	WP_048085403.1	NZ_LN734822.1	698130	699951
GCF_000698785.1	NVIE_RS08435	WP_075054871.1	NZ_CP007536.1	1481494	1483681
GCF_000009185.1	HQ_RS08345	WP_011571861.1	NC_008212.1	1911793	1913116
GCF_002214565.1	A3L10_RS03930	WP_088867537.1	NZ_CP015106.1	721254	722649
GCF_000970065.1	MSBR2_RS03155	WP_048117451.1	NZ_CP009530.1	778900	781093
GCF_000013445.1	MHUN_RS03115	WP_011447637.1	NC_007796.1	679847	682544
GCF_000015945.1	SMAR_RS02275	WP_011838753.1	NC_009033.1	471642	473481
GCF_000253055.1	TTX_RS06865	WP_231818671.1	NC_016070.1	1260654	1263447
GCF_000022545.1	TSIB_RS10105	WP_015849758.1	NC_012883.1	1334112	1336314
GCF_000022425.1	M1627_RS03815	WP_012710851.1	NC_012632.1	729779	731780
GCF_001971705.1	BB347_RS03730	WP_076578272.1	NZ_CP019327.1	764107	765892
GCF_000300255.2	MMALV_RS01305	WP_015504167.1	NC_020913.1	235173	236577
GCF_000190315.1	VMUT_RS07805	WP_013604880.1	NC_015151.1	1505359	1506421
GCF_000017185.1	MAEO_RS00200	WP_011972765.1	NC_009635.1	45577	46168
GCF_000217995.1	MZHIL_RS07570	WP_013898782.1	NC_015676.1	1621799	1623782
GCF_000022365.1	TGAM_RS09670	WP_052291834.1	NC_012804.1	1834478	1835657
GCF_000013725.1	MBUR_RS07915	WP_011499587.1	NC_007955.1	1609570	1611769
GCF_000970285.1	MSHOH_RS12555	WP_048140078.1	NZ_CP009516.1	2852980	2854480
GCF_000025665.1	ABOO_RS02020	WP_008081939.1	NC_013926.1	397668	399753
GCF_001266655.1	MsedA_RS10780	WP_012022039.1	NZ_CP012172.1	2033322	2035944
GCF_000403645.1	L593_RS05580	WP_020445964.1	NC_021313.1	1185657	1188351
GCF_000403645.1	L593_RS06120	WP_187292643.1	NC_021313.1	1319490	1319961
GCF_000217715.1	HALXA_RS03895	WP_013879008.1	NC_015666.1	787521	790017
GCF_001266715.1	MsedD_RS11645	WP_012022205.1	NZ_CP012175.1	2179456	2180398
GCF_000151105.2	TERMP_RS11355	WP_013747449.1	NC_015471.1	41138	42053
GCF_000091665.1	MJ_RS09190	WP_010890090.1	NC_001732.1	54267	55944
GCF_002813675.1	BK008_RS11260	WP_100907801.1	NZ_CP017767.1	2313305	2316362
GCF_000092185.1	TAGG_RS06150	WP_013130081.1	NC_014160.1	1140759	1142412
GCF_000013725.1	MBUR_RS11915	WP_011500294.1	NC_007955.1	2430663	2432646
GCF_000470655.1	HTIA_RS08930	WP_008523705.1	NC_021921.1	1826501	1827749
GCF_000016525.1	MSM_RS03455	WP_011954047.1	NC_009515.1	661226	664097
GCF_000970205.1	MSMAS_RS12395	WP_011034304.1	NZ_CP009512.1	2899939	2902420
GCF_000148385.1	VDIS_RS04560	WP_171804841.1	NC_014537.1	882546	885489
GCF_000969945.1	MSKOL_RS10145	WP_048155828.1	NZ_CP009524.1	2439729	2441265
GCF_000769655.1	TEU_RS05430	WP_050002810.1	NZ_CP008887.1	1004673	1006428
GCF_000025625.1	NMAG_RS03090	WP_004216401.1	NC_013922.1	654611	656207
GCF_000013725.1	MBUR_RS10085	WP_011499973.1	NC_007955.1	2045994	2047563
GCF_000970165.1	MSMAW_RS08715	WP_011034901.1	NZ_CP009509.1	2034421	2035846
GCF_000019805.1	TNEU_RS05980	WP_012350538.1	NC_010525.1	1078343	1079699
GCF_000328685.1	NATOC_RS16245	WP_015322568.1	NC_019974.1	3325598	3327539
GCF_000021965.1	MPAL_RS09075	WP_012618446.1	NC_011832.1	1928741	1930706
GCF_001989615.1	BV210_RS08165	WP_077206151.1	NZ_CP019067.1	1612633	1614694
GCF_000214725.1	MSWAN_RS02525	WP_013825044.1	NC_015574.1	544214	546725
GCF_000264495.1	TCELL_RS01225	WP_014736910.1	NC_017954.1	227713	229351
GCF_000011085.1	RR_RS10410	WP_011223627.1	NC_006396.1	1284244	1285870
GCF_000970185.1	MSMAP_RS07810	WP_048043218.1	NZ_CP009511.1	1811562	1814424
GCF_001477655.1	SM9_RS06980	WP_058739458.1	NZ_CP011266.1	1596196	1598155
GCF_000019605.1	KCR_RS08115	WP_052568531.1	NC_010482.1	1535803	1537633
GCF_000144915.1	ASAC_RS04640	WP_013266839.1	NC_014374.1	928929	931104
GCF_000264495.1	TCELL_RS03310	WP_048163022.1	NC_017954.1	569318	571883
GCF_000063445.1	RCI_RS03425	WP_012034993.1	NC_009464.1	668744	671912
GCF_000969945.1	MSKOL_RS06410	WP_048154502.1	NZ_CP009524.1	1532141	1534340
GCF_001266715.1	MsedD_RS06940	WP_012021319.1	NZ_CP012175.1	1346994	1349097
GCF_002078355.1	fad_RS04160	WP_081142058.1	NZ_CP015363.1	815719	817669
GCF_000328525.1	HALRU_RS09735	WP_015301213.1	NC_019964.1	2040901	2043835
GCF_000591055.1	NMLP_RS07510	WP_015409517.1	NC_020388.1	1522177	1524667
GCF_000007005.1	SSO_RS09930	WP_010923742.1	NC_002754.1	1849775	1850858
GCF_000317795.1	CALAG_RS06260	WP_015232893.1	NC_019791.1	1278261	1279230
GCF_001266695.1	MsedC_RS02960	WP_012020545.1	NZ_CP012174.1	537427	538759
GCF_000022545.1	TSIB_RS03380	WP_015848971.1	NC_012883.1	636559	638878
GCF_000328665.1	METHO_RS06250	WP_015324695.1	NC_019977.1	1299301	1300906
GCF_002813085.1	BK798_RS05255	WP_004033385.1	NZ_CP017803.1	1066939	1068229
GCF_000007225.1	PAE_RS02885	WP_011007578.1	NC_003364.1	516024	518139
GCF_002844335.1	BVU17_RS09860	WP_101350483.1	NZ_CP019154.1	1942850	1944473
GCF_000148385.1	VDIS_RS03280	WP_013335789.1	NC_014537.1	650690	651725
GCF_000007185.1	MK_RS08950	WP_011020046.1	NC_003551.1	1678881	1681107
GCF_000017185.1	MAEO_RS05390	WP_011973779.1	NC_009635.1	1113201	1115520
GCF_001971705.1	BB347_RS05825	WP_076581938.1	NZ_CP019327.1	1186068	1187538
GCF_000191585.1	METBO_RS10405	WP_013645674.1	NC_015216.1	2147872	2150374
GCF_001266695.1	MsedC_RS08905	WP_012021692.1	NZ_CP012174.1	1684371	1687167
GCF_000025665.1	ABOO_RS02635	WP_012997163.1	NC_013926.1	508249	508861
GCF_000404225.1	H729_RS00430	WP_020448027.1	NC_021353.1	101197	103138
GCF_000012545.1	MSP_RS00495	WP_011405718.1	NC_007681.1	111240	113325
GCF_000023965.1	HMUK_RS03815	WP_015761779.1	NC_013202.1	772960	775516
GCF_001767315.1	HTSR_RS06060	WP_083258870.1	NZ_CP016070.1	1171874	1173416
GCF_000875775.1	NPIRD3C_RS04935	WP_182126849.1	NZ_CP010868.1	840859	842815
GCF_000591035.1	ACAM_RS02960	WP_022541319.1	NC_022521.1	534960	536718
GCF_001266715.1	MsedD_RS08905	WP_012021692.1	NZ_CP012175.1	1684373	1687169
GCF_000517445.1	TES1_RS09000	WP_051408215.1	NZ_CP006965.1	1636526	1637348
GCF_002945325.1	MMJJ_RS03305	WP_104837673.1	NZ_CP026606.1	627262	629320
GCF_000069025.1	OE_RS09250	WP_010903767.1	NC_010364.1	1762164	1764516
GCF_000404225.1	H729_RS10145	WP_236608657.1	NC_021353.1	1012451	1012784
GCF_000328685.1	NATOC_RS18370	WP_015322984.1	NC_019974.1	3781735	3784153
GCF_000970205.1	MSMAS_RS05410	WP_155395339.1	NZ_CP009512.1	1215440	1219253
GCF_000213215.1	AHOS_RS09165	WP_013776550.1	NC_015518.1	1594582	1595416
GCF_000011085.1	RR_RS02260	WP_011222495.1	NC_006394.1	144648	148287
GCF_000015225.1	TPEN_RS03195	WP_011752282.1	NC_008698.1	566536	568741
GCF_000237865.1	HQRW_RS08710	WP_014556297.1	NC_017459.1	1978717	1980040
GCF_000969985.1	MSBRW_RS10035	WP_011307784.1	NZ_CP009526.1	2392467	2395206
GCF_000013725.1	MBUR_RS01240	WP_232221925.1	NC_007955.1	218372	219659
GCF_000023965.1	HMUK_RS13765	WP_015763790.1	NC_013202.1	2727186	2728521
GCF_000011005.1	MCP_RS00765	WP_012898898.1	NC_013665.1	141471	143769
